C0_names,C0_logfold,C0_pvals_adj,C0_z_score,C1_names,C1_logfold,C1_pvals_adj,C1_z_score,C2_names,C2_logfold,C2_pvals_adj,C2_z_score,C3_names,C3_logfold,C3_pvals_adj,C3_z_score,C4_names,C4_logfold,C4_pvals_adj,C4_z_score,C5_names,C5_logfold,C5_pvals_adj,C5_z_score,C6_names,C6_logfold,C6_pvals_adj,C6_z_score,C7_names,C7_logfold,C7_pvals_adj,C7_z_score,C8_names,C8_logfold,C8_pvals_adj,C8_z_score,C9_names,C9_logfold,C9_pvals_adj,C9_z_score,C10_names,C10_logfold,C10_pvals_adj,C10_z_score,C11_names,C11_logfold,C11_pvals_adj,C11_z_score,C12_names,C12_logfold,C12_pvals_adj,C12_z_score,C13_names,C13_logfold,C13_pvals_adj,C13_z_score,C14_names,C14_logfold,C14_pvals_adj,C14_z_score,C15_names,C15_logfold,C15_pvals_adj,C15_z_score,C16_names,C16_logfold,C16_pvals_adj,C16_z_score,C17_names,C17_logfold,C17_pvals_adj,C17_z_score,C18_names,C18_logfold,C18_pvals_adj,C18_z_score,C19_names,C19_logfold,C19_pvals_adj,C19_z_score
CPA3,7.4454336,0.0,81.15493,GATA2,4.626989,1.2777896828198642e-181,29.076744,PLPP3,2.5287817,0.0,48.889126,CXCL8,2.8871894,0.0,59.19702,S100A9,5.4463716,0.0,55.551727,FBP1,3.5734794,0.0,53.774788,NUPR1,4.340581,0.0,40.854885,CTSZ,3.3557434,0.0,60.290936,MKI67,4.1084704,0.0,49.36171,C1QB,4.755371,1.1875889934237457e-35,13.221795,CLC,7.4044657,0.0,46.84205,CSF2RB,4.2459455,6.20864568986705e-234,32.956326,RRM2,4.4041834,0.0,48.421154,MPO,7.7375064,0.0,59.077618,CALD1,9.133432,3.1202972486060952e-136,25.233343,ITGAX,3.8974788,1.0323225804100053e-146,26.17084,EMP1,3.6424966,1.0565945723063858e-220,32.01947,TRBC2,9.398023,2.984490084192238e-11,7.965128,ITGB3,7.928371,3.2851793332863897e-24,11.066846,HBB,11.650405,9.896345012177733e-13,8.376057
LAPTM5,2.4232786,0.0,78.893074,HDC,4.162528,2.388715289571344e-165,27.734383,GRINA,1.3963844,0.0,47.999924,IL1RN,3.6935008,0.0,56.826576,S100A8,5.9181466,0.0,55.341724,CXCL16,2.6826758,0.0,51.68864,CES1,3.7436721,3.127363627352726e-281,36.088314,APOE,4.488199,0.0,58.968773,TPX2,3.808721,0.0,44.08729,CEP55,3.8539143,4.5128684972604326e-32,12.531957,CD24,3.5530305,0.0,38.999123,HDC,5.260338,3.2987951217536175e-210,31.234293,TYMS,3.6496196,0.0,45.806026,AZU1,7.1119742,0.0,58.84008,TPM1,5.0607266,1.1289945371907068e-117,23.447708,MT-ND4,3.929345,1.4579712590166728e-110,22.68984,CCL3,3.4121256,1.9536971260356046e-186,29.431671,CYTIP,3.3130844,3.194855893522692e-11,7.8704476,THBS1,7.594194,3.444821261744664e-24,11.000262,HBD,11.999478,8.180673142691012e-10,7.4540987
GATA2,6.271353,0.0,77.84191,CPA3,4.788121,2.388715289571344e-165,27.720411,CD68,2.1252246,0.0,47.777073,IER3,2.5707924,0.0,54.401577,PADI4,5.0255423,0.0,53.79308,CCL18,3.7996209,0.0,50.236145,APOE,3.4712481,1.6147224345619025e-257,34.531746,CCL18,4.7050424,0.0,57.20161,S100A9,4.3658247,0.0,43.63229,CTSZ,2.6366177,2.862299723100981e-31,12.3486805,TMSB4X,1.4054856,0.0,38.935993,GATA2,5.175704,4.291451314460218e-199,30.391474,MKI67,3.6292696,0.0,45.28983,ELANE,7.3945274,0.0,58.31325,SERPINE1,6.360994,1.1289945371907068e-117,23.43516,MT-ND3,4.22236,4.572143603318981e-105,22.114828,CD74,2.9629486,2.684252204071097e-178,28.774652,RESF1,3.1658773,4.215569980980508e-09,7.009726,CAVIN2,7.288768,4.597154889914082e-24,10.937503,LBH,5.7132382,1.338730443467528e-08,6.948121
HPGD,6.527955,0.0,76.849106,MS4A2,4.014331,2.3781879356240736e-158,27.123089,LGALS3,1.862755,0.0,46.29117,CSF3R,2.8202255,0.0,53.739704,FCAR,3.2533867,0.0,48.76724,CTSH,2.6961012,0.0,49.046547,GPNMB,3.3316548,1.7222400930326095e-250,34.051857,NUPR1,4.1285973,0.0,55.876686,CEP55,3.8044288,0.0,42.665108,CCL18,3.8592405,2.862299723100981e-31,12.328883,EPX,8.635616,2.0955398010365022e-271,35.43049,CLC,6.1487827,4.148071679945226e-196,30.15517,HIST1H1B,4.087509,0.0,44.608566,SERPINB1,3.0555336,0.0,56.599323,FN1,8.079789,2.5276160024019003e-115,23.19116,APOE,3.4941561,9.954733165529168e-103,21.8614,LHFPL2,3.0470705,3.819011682967028e-176,28.592,TCF7,8.6483555,6.070316027527331e-09,6.933724,RAB27B,5.8346825,3.593525193600515e-23,10.722874,MICALL2,4.3689933,1.8021570757678432e-08,6.8801265
FXYD5,2.2974315,0.0,74.21755,TUBB,3.4157429,1.3082990656686018e-152,26.621246,CSTB,2.0891013,0.0,46.101376,BRI3,1.7792282,0.0,51.267178,FPR2,3.409607,0.0,48.236668,LYZ,2.8941054,0.0,48.65947,VIM,1.7549542,6.219252173911019e-240,33.31879,CD163,4.204993,0.0,55.635715,S100A8,4.692689,0.0,42.50768,MKI67,3.4879217,1.155864332705287e-30,12.197728,PRG2,6.4520464,1.704874753609696e-268,35.23582,BHLHE40,2.161621,3.407730173506233e-148,26.239485,MCM7,3.2563918,0.0,41.623325,PRTN3,6.9703555,0.0,56.581783,SPARC,4.7214313,4.093792360774339e-115,23.160784,MT-ATP6,3.8304899,1.7541234919540787e-98,21.406424,CXCL2,2.9943743,8.875415087337187e-172,28.230732,TRAC,9.983408,3.3090471988125067e-08,6.6412168,PPBP,12.438199,4.2083150005008086e-21,10.251627,PGRMC2,2.6774724,2.3025176657375123e-08,6.805794
SIGLEC6,5.3928757,0.0,73.731346,FCER1A,3.906718,1.3082990656686018e-152,26.616776,IFI30,2.1105702,0.0,44.92882,CCL4L2,3.6604671,0.0,48.84374,S100P,3.216648,0.0,47.84823,TFRC,2.6600213,0.0,48.27134,TXNRD1,2.202937,3.3260035962129884e-221,31.99481,CTSB,2.7912195,0.0,54.50571,HMGB2,2.7474854,0.0,41.876427,CTSB,2.4930933,3.223998989894817e-30,12.098944,IKZF2,4.6689324,2.4337521082007217e-190,29.663256,TXNIP,2.6342423,4.470117095449236e-138,25.330254,CEACAM6,4.1626143,0.0,41.600266,CST7,4.2306337,0.0,56.226784,FSTL1,8.690885,7.653396163738001e-112,22.82585,MT-ND6,4.736378,6.635874159761785e-85,19.88161,THBD,3.0721483,7.397342348983999e-171,28.149149,EVL,3.0262115,9.290443674101408e-08,6.448403,LTBP1,8.637019,4.386091729273772e-21,10.229986,GATA1,4.875863,2.3025176657375123e-08,6.788298
AHR,3.8885684,0.0,71.68656,HPGD,3.9889503,5.7329751730048427e-151,26.468763,CYP27A1,2.3152988,0.0,41.887314,LSP1,2.2592785,0.0,45.963654,MNDA,2.6408677,0.0,47.014935,SAMHD1,2.4595935,0.0,48.24746,CALU,2.266257,1.3663973106275534e-208,31.06325,MARCO,4.1291823,0.0,53.37897,PLK1,4.98151,0.0,41.15163,C1QC,3.7280705,1.449680819026718e-27,11.567681,RNASE2,4.1765423,1.311838428335042e-166,27.750027,AKAP12,4.6949844,5.397970774375294e-131,24.667507,MYBL2,3.870371,0.0,41.317295,SRGN,3.8949382,0.0,55.79416,MMP2,4.5540724,9.86941781986835e-112,22.807983,PLEC,2.8201468,2.1559970660228805e-82,19.583307,CXCL3,3.4029202,1.598473203235616e-169,28.03441,WIPF1,2.1946764,5.174179932834106e-07,6.1391125,NRGN,8.5893545,4.970934883411442e-21,10.202901,FADS2,2.1808643,2.3025176657375123e-08,6.775795
CLU,4.0812716,0.0,71.175186,CLU,3.086063,6.699164399297594e-144,25.842377,CD74,2.2190187,0.0,40.13174,FCAR,2.6057737,0.0,45.76985,TSPAN2,3.4722314,0.0,46.94396,ENG,2.3140032,0.0,47.24039,LGALS3,1.9741855,2.4931759434873404e-195,30.059216,CTSL,3.1881409,0.0,53.209408,CENPE,3.7369883,0.0,41.111984,APOE,3.2107074,1.449680819026718e-27,11.5620775,CST7,2.2764947,1.619262151851473e-157,26.981787,SOCS2,3.8501248,1.2954537118631069e-129,24.533754,TK1,3.8769321,0.0,41.09375,NUCB2,3.6862104,0.0,54.05691,IGFBP7,5.6277943,1.056782177969288e-110,22.698122,ALOX5,1.8644443,6.86866992062058e-75,18.672058,SOD2,2.4567337,4.873809035464957e-169,27.989902,CXCR4,2.701773,6.387479375851801e-07,6.0665307,ITGA2B,5.6853604,2.6816594219799066e-20,10.024762,ANK1,7.749706,2.3025176657375123e-08,6.771632
SAMSN1,3.069006,0.0,70.41766,TYMS,3.7123086,3.872577269722215e-141,25.590876,BRI3,1.2125058,0.0,39.552162,STEAP4,3.832378,0.0,45.08448,CKAP4,3.5015848,0.0,46.3346,IL1A,2.8506327,0.0,46.701694,LAMP1,1.4717569,2.89336223815763e-193,29.898144,GPNMB,3.7904768,0.0,52.81333,NUSAP1,3.4055715,0.0,40.726456,CDK1,3.62939,1.3860883748121712e-26,11.356319,SRGN,1.3564589,7.554781927158392e-153,26.576965,PLPP1,4.5403576,3.8908553138664833e-126,24.201376,LMNB1,2.877475,0.0,40.379475,RNASE2,4.23301,0.0,50.796978,MAP1B,9.143649,4.0267001367195605e-103,21.902676,LENG8,2.3174517,2.240128055399479e-70,18.09733,LYZ,2.8863137,1.1330664183567445e-167,27.873194,TC2N,9.629543,1.0316918081796256e-06,5.980452,C2orf88,11.868922,3.26951739465431e-20,9.993499,EEF2,1.5970263,2.4909727434482323e-08,6.746422
VWA5A,4.0913854,0.0,70.10098,MKI67,3.3617203,1.35864698741492e-138,25.357048,CXCL8,1.6463478,0.0,38.813793,PLAUR,1.7573322,0.0,44.35685,HK3,2.7957556,0.0,45.8677,BHLHE41,2.6931074,0.0,46.150063,HS3ST2,2.6550303,9.901769933966944e-190,29.620186,C1QB,5.3537464,0.0,52.10519,MNDA,2.4180686,0.0,40.651085,C1QA,3.1820848,2.3374442194790315e-26,11.301314,ALAS1,2.7772517,1.1477997552360516e-139,25.402796,MS4A3,4.0213976,1.1597623665872882e-123,23.961243,ZWINT,3.3569207,0.0,39.10912,SPN,2.314576,0.0,49.971085,HTRA1,9.492746,3.348522685334313e-101,21.696327,ZFYVE16,2.4600682,3.4808333789101775e-69,17.943548,IL1B,3.0288076,3.3016179482542586e-162,27.414824,SELL,5.3702545,1.03194252835067e-06,5.9709287,RUFY1,4.1388583,6.785759841764981e-20,9.910364,CENPH,3.7898438,6.426773396434652e-08,6.5716543
KIT,6.871914,0.0,69.77414,LAPTM5,1.6164702,3.010319808812498e-137,25.230991,ACP5,2.0277958,0.0,38.578537,PHACTR1,1.9270544,0.0,43.942493,SIGLEC5,2.9663894,0.0,44.95455,CES1,3.1924684,0.0,45.6101,BHLHE41,2.5736094,1.5409771569549314e-187,29.447292,ADTRP,3.2204385,0.0,52.002045,CKAP2L,3.5632186,0.0,40.164867,RRM2,3.2998474,3.2014681695633696e-26,11.265268,PYGL,2.2017024,2.354543817889817e-138,25.280697,SAMSN1,2.491843,6.927873873162335e-123,23.883026,BEX1,3.4396162,0.0,38.248684,BEX1,4.380968,0.0,49.638954,COL5A1,8.5471,1.182055592666221e-100,21.634544,NABP1,2.0337725,1.4783307955945832e-68,17.86106,CD44,1.7660289,4.8933522498344105e-161,27.31295,S1PR1,4.851611,7.084927805479766e-06,5.5959473,RGS18,6.2316165,1.7693475043768193e-19,9.80454,PRKAR2B,5.313755,7.904432352683182e-08,6.5231266
SEMA7A,5.070747,0.0,68.90453,SAMSN1,2.3393738,6.849544251238137e-135,25.011831,PLA2G7,1.9353693,0.0,37.783108,CHI3L1,2.38868,0.0,43.53063,S100A12,5.09039,0.0,44.938293,CSTB,2.318419,0.0,45.21006,ADTRP,2.6793427,5.008202877232887e-187,29.405226,C1QA,3.8171802,0.0,51.69861,TACC3,2.919497,0.0,38.53685,HMMR,3.9857616,3.8672598152824314e-25,11.035838,PRG3,8.553239,3.6063504687523337e-131,24.615711,CLU,3.0994046,2.030475385095791e-122,23.834686,NKG7,3.0463562,0.0,38.110245,SLPI,4.241291,0.0,49.204266,DKK3,10.286248,1.504994273439631e-98,21.403162,PPARG,2.147174,4.364290289971353e-68,17.7968,MAFB,3.0845387,3.176150593051271e-160,27.241287,PNRC1,1.7281727,1.4819987361838087e-05,5.434621,PTGS1,4.3412085,2.8054237504066894e-19,9.749063,ALAS2,10.761911,7.904432352683182e-08,6.5207796
HDC,5.2719245,0.0,67.44529,HIST1H1B,3.5231378,1.3933379799846664e-134,24.98027,CXCL16,1.7743089,2.1772880430994203e-300,37.23569,NFKBIA,1.7707949,0.0,43.02326,CHI3L1,2.957944,0.0,43.98227,TGM2,3.0516179,0.0,45.01632,S100A10,2.1518772,1.3324488530183507e-183,29.134155,IRF8,3.924727,0.0,51.453053,ANXA3,2.59667,0.0,38.26271,BHLHE41,2.7348397,4.401928964363205e-25,11.016987,PLPP1,3.5070279,4.902133322264122e-128,24.318575,CYTIP,2.7696111,4.466491881850522e-122,23.798538,NCAPG2,3.1395276,0.0,38.05593,CEACAM6,4.3767085,0.0,47.56687,PRSS23,8.417064,2.624629722842321e-98,21.374205,CSF1,2.0740554,1.3656259478996155e-65,17.470192,CD14,2.567138,7.096420645680055e-158,27.03931,BTG1,3.2774873,2.0483125970321546e-05,5.3611503,PF4,13.642625,3.2633726416237526e-19,9.725556,LEPR,5.2389307,8.163494669723363e-08,6.506836
MS4A2,5.3347354,0.0,66.16506,SIGLEC6,3.329461,5.237399795820304e-131,24.64607,LITAF,1.1964124,2.8454577654482768e-300,37.226772,PPP1R15A,1.7204759,0.0,41.99242,DYSF,2.6108286,0.0,43.632156,SLC7A7,2.3752391,0.0,45.006245,CSTB,2.127896,1.1757221372232638e-177,28.657293,CES1,3.825835,0.0,51.37021,HMMR,4.05276,0.0,38.01651,SPARC,2.7809138,5.9695720494946015e-25,10.982834,CELF2,1.2351974,6.280684255159796e-98,21.25302,CPA3,3.9830785,3.057890064411564e-120,23.617685,SRGN,2.5319974,0.0,38.004326,BPI,3.8167853,0.0,46.852245,TPM2,7.8788342,7.286021573248918e-98,21.32365,RSRP1,2.3419518,1.4731807330769335e-61,16.920252,TLR2,3.016375,1.366953676862474e-156,26.927088,CCR7,9.907777,2.518388833550968e-05,5.316384,PLEK,3.3083467,8.79972356324272e-19,9.616466,CDK4,2.8984466,1.521090173957159e-07,6.3878417
RAB27B,5.8684225,0.0,65.964874,ITGA2B,3.6536179,1.5472501478291182e-130,24.599352,CTSH,1.8510594,3.241004085785951e-293,36.786392,CCL3L1,3.5291758,0.0,41.762447,CEACAM1,4.1044683,0.0,43.491394,LTA4H,2.2760067,0.0,44.914433,PLPP3,2.2925193,3.6957573034307844e-171,28.126083,CD74,3.2022538,0.0,51.347664,CKS1B,2.8770337,0.0,37.950832,MARCO,3.1636212,9.633742023890812e-25,10.933269,EGR3,2.3700209,1.0631498637084827e-96,21.116707,FCER1A,4.0048437,2.4584383676398236e-119,23.526686,SLPI,3.4848106,0.0,38.00314,CTSG,4.2602763,0.0,46.209938,MYL9,6.987143,1.9294239565095383e-97,21.275352,PDXK,1.6872672,1.4731807330769335e-61,16.919004,TGFBI,3.3806543,1.0603243521137031e-151,26.503656,SATB1,4.2139378,2.6570984914114534e-05,5.299567,PRKAR2B,7.1653175,1.1523716960276293e-18,9.581554,REXO2,3.3597393,1.6377658211051653e-07,6.369047
GLUL,2.2038515,0.0,65.631584,CRIP1,3.3298473,1.8611273445087754e-129,24.49557,CTSD,1.4764864,1.5176743945463368e-288,36.491535,MCL1,1.3382765,0.0,41.138206,MXD1,2.6475909,0.0,43.388424,MARCO,2.8786483,0.0,44.770615,FABP3,2.9150639,1.0736036360050626e-166,27.757238,MS4A7,3.3424857,0.0,51.30726,NKG7,3.0308583,0.0,37.803608,IDH2,2.045467,2.88935838786291e-24,10.827269,CEBPE,2.7459733,6.479054873312981e-90,20.355423,MS4A2,3.8343387,1.5734826621536602e-116,23.243544,AZU1,3.7376077,0.0,37.78051,PLAC8,3.4117203,0.0,45.42447,CTTN,7.0918756,7.907176349914329e-97,21.204138,TRIM25,1.9807626,1.319300952541632e-59,16.645117,ADA2,2.7622027,1.3411937931242442e-146,26.054808,KMT2E,2.5416546,3.421265556447401e-05,5.235419,MAPRE2,3.7132747,1.8259754960453892e-18,9.527206,HMGN5,3.874947,2.365365137498318e-07,6.2983294
ACSL4,3.440191,0.0,65.35128,SEMA7A,3.3358026,3.6950591430388464e-128,24.370987,HS3ST2,2.1390562,6.426279598470277e-283,36.133522,METTL9,1.8545692,0.0,40.20937,CORO1A,2.6275153,0.0,43.197815,CYP27A1,2.7224972,0.0,44.66751,AGPS,1.6059021,1.5432694209892747e-165,27.659695,NRP2,3.6683178,0.0,51.249115,BPI,3.2962325,3.5012598053950756e-306,37.588673,TPX2,3.3684754,3.970380384452736e-24,10.792551,ANXA1,1.0707611,4.749519779117212e-87,20.024988,PRNP,2.7836735,8.058612900618521e-113,22.869457,HELLS,3.4255412,0.0,37.72246,MLC1,3.7947793,0.0,45.295322,CTHRC1,9.18848,1.8607143417309627e-93,20.83329,AHNAK,2.1718178,2.378888661240842e-58,16.467176,DUSP1,1.8822457,8.99099076476114e-136,25.078892,LIMD2,4.231854,6.563713881370319e-05,5.0766573,MMRN1,8.970586,4.8369790514704885e-18,9.41915,KCNH2,5.4267273,2.8527509524251794e-07,6.262587
FCER1A,5.1821184,0.0,64.6482,PRG2,3.292952,1.2100027191451103e-122,23.840473,SGK1,1.5309937,1.0822809431005256e-278,35.861965,NAMPT,1.7869543,0.0,39.824787,ADGRG3,2.8283927,0.0,43.056755,MS4A7,2.713706,0.0,44.57928,ZFYVE16,2.0355036,1.1341219311925638e-163,27.501308,EPHX1,2.9859996,0.0,50.94457,CDK1,3.2988894,2.054016524834492e-300,37.23236,TYMS,2.7733471,3.301824962781067e-23,10.590824,CORO1A,1.7117374,1.8823490883975215e-85,19.838528,SEMA7A,3.4482603,2.2753303364336495e-105,22.103977,PCLAF,3.3856006,2.9407033282563097e-304,37.466366,NKG7,3.2850027,0.0,44.976166,COL4A2,10.017908,1.0492381866058942e-92,20.745914,SLC11A1,2.9096758,8.407421025641935e-55,15.951311,CXCL8,2.0978262,1.6824499926504672e-133,24.867445,ETS1,4.406179,6.563713881370319e-05,5.076339,GP1BB,7.118357,1.3043171588218821e-17,9.308345,EIF1AY,3.4759943,3.162529621012377e-07,6.240115
SLC18A2,5.618073,0.0,64.095955,CKAP2L,3.8215163,1.2518351559655398e-121,23.738226,B2M,0.7144116,8.986566430130616e-278,35.80158,MARCKS,2.0735564,0.0,38.434124,SYNE1,3.830803,0.0,43.0306,ARRDC4,2.2639413,0.0,44.555466,PLD3,1.8697041,8.448926092285869e-163,27.426964,TFRC,2.8039207,0.0,49.07866,TSPAN2,2.8410282,2.975882038631226e-297,37.035038,CD52,1.9599639,2.263625218414933e-22,10.403954,EIF1B,1.2952977,2.6851032464786134e-82,19.46412,EMP3,1.947295,1.012182330849793e-97,21.284883,HIST1H2BH,3.4914732,4.175346840960253e-304,37.454723,FAM107B,1.9153003,0.0,44.418465,PXDN,9.792022,1.8099575813016477e-92,20.717628,TNFAIP2,2.618991,3.7936593175977926e-54,15.852884,ITGA5,2.0936174,1.0682112568193273e-132,24.790949,RACK1,2.836918,7.446782782440464e-05,5.0417666,NLK,4.37201,2.1636638049384924e-17,9.248648,OSBP2,7.663739,5.17512811644977e-07,6.1564093
IL1RL1,4.901428,0.0,62.941856,SLC18A2,3.4299498,6.88750339479016e-118,23.36936,GPNMB,2.1759846,2.335738901987069e-274,35.57889,LCP2,1.323779,0.0,38.180416,MMP8,4.7720847,0.0,42.544262,PCOLCE2,2.4567301,0.0,44.442337,CTSB,1.9075755,2.3495082162006765e-162,27.388418,SPARC,3.2495453,0.0,48.9085,FPR2,2.6678283,4.0935302837644043e-287,36.39697,MS4A7,2.6422815,6.313338383769775e-22,10.300865,ARL4C,2.9396977,3.687176282213569e-76,18.71806,SFXN1,3.2890048,9.014023712462908e-96,21.071726,ARHGDIB,1.7931716,4.175346840960253e-304,37.45447,ATP8A1,3.2676878,0.0,43.973698,IGFBP4,7.0287213,3.454678703881906e-90,20.461184,MT-CO2,3.4384441,4.342182079903083e-54,15.843422,CTSL,2.404642,5.238788013101192e-131,24.631607,MAL,13.302421,9.040580233318454e-05,4.9948034,FERMT3,2.531521,3.362734997670401e-17,9.195878,PDZD8,2.6447816,9.264740459730667e-07,6.0573983
CTSG,4.8353267,0.0,61.996677,GCSAML,3.495186,1.3600305267663918e-116,23.23977,CTSS,1.5819676,3.716465074196483e-258,34.51176,TPP1,1.228468,2.2172039904595477e-305,37.533947,ANXA3,2.7420406,0.0,42.498077,COLEC12,2.6353295,0.0,44.216854,TDRD3,2.2845812,4.31424122115326e-162,27.365013,BHLHE41,2.998775,0.0,48.625465,FOXM1,3.149674,4.543122348306543e-287,36.39283,SCD,2.3253136,1.4431153121290066e-21,10.21631,STXBP5,2.0555894,3.2121104851580367e-75,18.60116,GCSAML,3.5617423,1.4474000120567955e-95,21.047682,BPI,3.2667816,6.27442247618841e-304,37.442417,MCM7,3.189427,0.0,43.79788,S100A16,8.704444,2.2936092083527937e-89,20.366758,MT-CO3,3.2344599,1.8481305653603127e-52,15.6039,CD4,1.781559,9.92967720126621e-130,24.510086,CD96,5.0791874,0.00011015584101346435,4.9434314,ARHGAP21,5.26664,2.5269102548954147e-16,8.971137,DKC1,2.7125034,1.128233224103997e-06,6.019731
ITGA2B,5.1052237,0.0,61.667847,HIST1H1C,2.3208234,1.8250157552395697e-112,22.824415,PHACTR1,1.4035614,3.598466101973396e-256,34.378017,IL1R1,2.296399,1.7097225357983177e-300,37.2319,GCA,2.2724328,0.0,42.1287,CTSB,2.130995,0.0,44.210945,ANXA2,2.096222,1.7576558108751123e-161,27.312504,ANXA2,2.6135755,0.0,47.9355,TOP2A,3.7063193,7.923840317396289e-287,36.37633,CKAP2L,3.1047208,2.34861261019782e-21,10.164443,IL1RAP,1.9425181,1.1365895464761857e-71,18.153978,DUSP6,2.7854908,5.139945197697431e-89,20.314026,MPO,3.861098,1.3793545561538136e-303,37.42025,ARHGDIB,1.9418491,0.0,43.578358,CNN3,7.915165,4.239318706805419e-87,20.10761,INF2,2.7717454,1.2886032748329161e-49,15.1647005,NFKBIA,1.7639707,1.0779898021087327e-129,24.504845,PDCD4,3.2845037,0.0001945412764990899,4.804773,CMIP,3.282034,3.615680483089619e-16,8.921526,BLVRB,3.701666,1.1954814143607566e-06,6.004661
NR4A2,3.593388,0.0,61.149075,HJURP,4.355419,8.774642648378107e-112,22.752396,CTSA,1.0870064,8.612170600112473e-243,33.46963,CD44,1.3448583,2.236350465536683e-299,37.161633,TCN1,3.6464894,0.0,42.079414,ANXA2,2.336011,0.0,44.20215,GPX4,1.5058979,1.8013406333742696e-161,27.310446,PSAP,2.01406,0.0,47.75242,CENPF,3.8244004,7.087915607250661e-282,36.0606,CENPE,3.3130286,3.2537393299082415e-21,10.128279,CRIP1,2.225117,3.993552802911564e-71,18.083685,LIMD2,4.49659,1.6384157075274897e-87,20.14187,S100A9,3.2941892,7.707533751968073e-303,37.373184,MT-ATP6,3.0897357,0.0,43.10235,LOXL2,7.6119223,1.060062032748515e-86,20.060282,MAP7D1,1.7082905,5.381802358518223e-46,14.594026,PLA2G7,2.3166883,5.911324493415383e-128,24.339336,FXYD5,1.3089851,0.0002304997353095822,4.765204,CD9,3.243823,1.5558899335157059e-15,8.753677,U2SURP,2.2239435,1.478108908375782e-06,5.9645996
CREM,3.3129408,0.0,61.017296,RHEX,3.5892842,4.680165357685865e-111,22.677298,RNF13,1.4960585,1.0726721167864116e-239,33.25514,EGR3,2.4918928,1.664567293928559e-295,36.91998,RAB27A,1.8863306,0.0,41.760525,INHBA,2.8357422,0.0,44.145176,CD68,2.0418692,2.643996986668254e-156,26.870762,PLD3,2.4037476,0.0,47.426376,DLGAP5,4.212781,2.016312231224009e-280,35.96657,NDC80,3.5032227,6.350529760340497e-21,10.05848,CLU,1.6735759,4.21680230875404e-70,17.952143,IL1RL1,3.2630339,3.2264815817520406e-87,20.106882,DEFA3,4.9088707,1.6070921059492521e-302,37.35248,ATP8B4,2.705797,0.0,43.05834,CCND1,6.962693,1.5416215649655093e-85,19.92496,PLK3,1.925937,1.3563275296143108e-45,14.528236,CST3,2.0084307,1.3949597102298578e-123,23.921013,UBA52,1.9331424,0.0002711529746645007,4.7256017,TUBB1,12.299787,3.975246656806156e-15,8.642572,MYL4,10.889016,2.1357973876607127e-06,5.898796
HPGDS,5.3732333,0.0,60.80604,CDK1,3.5380926,3.042185208221237e-108,22.386038,BCL2A1,1.1515656,1.2366005723008356e-236,33.041634,G0S2,3.5374393,1.567631424570688e-279,35.90955,BPI,3.1737916,0.0,41.292324,C1QA,3.133009,0.0,44.128567,CD9,1.9936438,3.23787697758579e-156,26.862122,C1QC,3.8980222,0.0,47.404408,CKAP2,3.015383,4.464601490832265e-280,35.943394,TMEM106C,2.7044983,7.126673040360268e-21,10.043096,CD63,0.88212335,1.5423216624186406e-63,17.082472,RFLNB,2.447559,6.020558716210569e-81,19.369413,ELANE,3.8619263,2.30073071149096e-301,37.2802,MS4A3,3.0372522,0.0,42.550125,TFPI2,8.821239,2.1357854888249128e-85,19.906933,KYNU,3.4875813,3.877946728256115e-45,14.451724,TMEM176B,2.042894,3.7470481456714104e-123,23.878036,SPOCK2,12.746093,0.0003473449276211264,4.660766,DNM3,8.292176,6.295749818015095e-15,8.585393,RACK1,2.424635,2.333703520658754e-06,5.8738046
RGS13,6.2485585,0.0,60.23829,HIST1H2BH,3.513785,3.0206251981625877e-106,22.178719,LYZ,1.7668613,2.1382082406408614e-230,32.60344,VASP,1.0944365,1.6538940534233428e-279,35.906967,PGLYRP1,4.536089,0.0,40.776012,CXCL3,2.901718,0.0,43.83781,ARF4,2.564059,1.2627167939485208e-153,26.638319,LIPA,2.8161268,0.0,47.06219,CEACAM6,3.2510164,1.7135642309404414e-274,35.583088,S100A10,2.0983071,1.1620276502603921e-20,9.990883,NUCB2,1.7922618,5.271967087175913e-63,17.00987,CXCR4,2.2686028,3.188141962224665e-79,19.160347,TSPAN2,2.8063776,2.097095871691295e-292,36.72206,MYB,3.677834,0.0,42.48607,COL4A1,9.160906,8.659858647543319e-85,19.835016,CD44,1.1790848,1.426652129144787e-43,14.195962,CCL2,2.8176358,2.7468517272846802e-120,23.598965,IKZF1,2.568648,0.0004895323393199203,4.573698,ACTN1,2.1890593,1.2058403459710928e-14,8.505988,MYH10,7.720894,2.42270269278188e-06,5.862647
FAM102A,5.3733606,0.0,59.82368,LMNB1,2.7294753,1.3395827529257446e-105,22.108938,LAMP1,0.9265191,4.963797933230791e-230,32.57665,SOD2,1.805723,3.231009109892437e-278,35.82311,CD24,2.8160663,0.0,40.520557,CD74,2.7203329,0.0,43.71416,RHOQ,1.9746165,5.021258392185663e-152,26.498835,FABP3,3.3091168,0.0,46.92015,HIST1H1B,3.0070872,1.6631653896498952e-270,35.323322,CORO1C,1.8595257,4.7073156623831887e-20,9.843906,EGR1,1.4843429,1.4817469192798442e-60,16.671213,SIGLEC6,2.797768,4.396488328908792e-77,18.897697,LIG1,2.9165661,3.502664590184863e-289,36.518616,MT-ND4,2.8506489,0.0,42.39319,RCN1,5.0070553,2.2784098678505564e-84,19.78471,KLF6,1.2112653,6.243662087914567e-42,13.921402,S100A10,2.0830085,5.868880724084702e-120,23.56523,CYFIP2,2.839945,0.0005430251000274738,4.5414896,DMTN,5.7597375,3.420975867630688e-14,8.379897,SLC25A39,2.5438094,2.849017352929381e-06,5.830848
RASSF5,2.4721384,0.0,59.47728,BHLHE40,1.6118091,1.9633041461311434e-104,21.986137,FTH1,1.3271359,7.307065378923981e-228,32.42225,PHLDA1,2.2598379,1.1791618249606057e-275,35.657146,CDA,2.6059985,0.0,39.993866,SLCO2B1,2.5370219,0.0,43.23176,ZNF385A,3.51115,1.22288134826501e-145,25.936684,SLC15A3,2.4757807,0.0,46.7777,BUB1,3.6644473,7.017457757779517e-264,34.888126,CES1,2.8198545,4.7073156623831887e-20,9.843816,ADAM8,2.6682827,7.1502979947576804e-59,16.433384,NFATC3,2.9502773,4.789414055407711e-77,18.892113,RNASE2,3.0781462,3.583049945168599e-288,36.454002,GSTP1,2.5068343,0.0,41.90775,ECE1,5.0080047,3.54533204541143e-81,19.407524,SQSTM1,1.2650995,9.024527055448942e-41,13.722102,ATP2B1,1.9690202,9.474623472679492e-120,23.54339,ZFP36L2,2.087718,0.0006980706618940095,4.47709,TC2N,9.2538185,3.949905960303436e-14,8.353506,NMNAT3,6.9929466,3.005103036704548e-06,5.8172336
ANXA1,1.9186008,0.0,59.193935,RAB27B,3.2597446,6.54487945847892e-103,21.825142,NPC2,0.8171028,3.0293678885355804e-222,32.019363,NR4A3,2.1974392,1.9801285515067887e-274,35.577023,RFLNB,2.39436,0.0,39.855343,SCD,2.2723649,0.0,43.056015,RAB18,1.8364854,2.0299404494054688e-140,25.467743,CYP27A1,2.9207304,0.0,46.014072,NDC80,3.4248228,1.8013483657155963e-263,34.860146,PLK1,3.9498322,5.225785332363647e-20,9.829768,DACH1,2.2125106,1.1199384608207894e-57,16.262938,S1PR1,4.4771223,9.850332837516497e-77,18.852964,TACC3,2.7470682,4.0434978545024776e-284,36.196415,HSP90AB1,2.3421004,0.0,41.8605,IL32,6.0126843,1.744113238812392e-80,19.323978,LMNA,1.6911353,8.182342672631028e-40,13.558002,EMILIN2,1.6747485,1.1536073803264143e-115,23.1396,LEF1,10.912377,0.0013167416881871938,4.321179,ABCC4,4.054443,3.949905960303436e-14,8.35111,BCCIP,2.5080972,3.662496303261298e-06,5.774966
ARHGEF6,3.6532536,0.0,59.064644,IL1RL1,3.0627532,8.453757476353989e-103,21.812216,CCRL2,1.5737797,4.687783566459401e-221,31.932901,TRIB1,1.7967498,4.003719695736951e-272,35.42664,LSP1,2.2533364,0.0,39.582985,CD68,2.2284896,0.0,43.018574,FDX1,2.3876069,5.175003620752763e-140,25.430058,LGMN,4.67885,0.0,45.14541,ANP32E,2.1586378,3.656067000559775e-258,34.50714,TUBA1B,2.0064511,2.560776509257656e-19,9.664942,SERPINB1,0.8383542,3.599829603074329e-57,16.189796,ITGA2B,3.1102576,7.719013959603454e-75,18.615845,RRM1,2.9492877,1.7174758815890942e-282,36.091896,MT-CO3,3.2690098,0.0,41.580948,TXNDC5,4.441134,3.698642987105239e-80,19.283686,MICAL1,1.8606855,1.3067300191943712e-39,13.522685,KYNU,3.0964754,3.6990157092638223e-113,22.887867,FOXP1,2.6272862,0.0014176594177212252,4.297823,FADS2,2.357927,3.949905960303436e-14,8.350947,ST7,2.5772858,6.9736380103931055e-06,5.6483655
ABCC4,4.92736,0.0,58.831432,C5orf22,2.8007493,2.813409181883431e-102,21.755947,CREG1,0.89937043,1.0592643225737845e-220,31.90653,ATP2B1,1.7477703,1.9053962553642904e-271,35.381683,ITGAM,2.0849087,0.0,38.818897,CTSZ,2.0337117,0.0,42.400436,EEF2,1.1657133,5.759181714009619e-137,25.15218,CTSS,2.3483489,0.0,44.693,CD24,2.5384133,3.004710915371243e-251,34.042072,KIF23,3.4053118,1.3118671838236794e-18,9.492801,EBP,1.6684538,3.0664701029641183e-56,16.0558,SRGN,1.4168139,5.049522761688041e-73,18.385914,NUSAP1,2.9656222,1.6650663926536425e-279,35.900146,MGST1,2.311386,0.0,41.405167,LGALS1,2.5051324,6.201398245592632e-80,19.25552,INHBA,2.468815,3.912632940094169e-39,13.439944,PLEC,1.887214,3.098518528549121e-112,22.793556,GIMAP7,8.935658,0.0014245372632377903,4.295744,HIPK2,2.8278239,5.708852960064698e-14,8.303568,MPST,2.947912,7.362011003800907e-06,5.634986
C5orf22,4.0750837,0.0,58.673435,TPX2,3.292586,5.421796374250529e-98,21.295137,AQP9,1.6165253,1.7706382100381362e-218,31.745008,BCL2A1,1.3900228,4.9940890148297795e-269,35.223167,BASP1,1.8897429,0.0,38.69503,EPHX1,2.2936726,0.0,42.339146,CAPN2,2.4167273,1.3766773171707235e-136,25.116627,S100A10,2.3554692,0.0,44.667618,SMC4,2.281675,4.677212633368764e-248,33.824745,SPAG5,3.1452692,4.8639458744052325e-18,9.351912,CCL23,3.4878788,1.1337505839664904e-55,15.973261,RGS2,3.188541,1.4238034957306568e-71,18.201303,NUCB2,2.3460832,1.7515846425349214e-279,35.897903,TENT5A,3.2746377,0.0,40.884163,MMP1,7.146266,6.431732996498128e-80,19.252249,CD163,2.6984868,1.188556348704872e-38,13.35347,KDM6B,1.667649,3.1490819953917366e-107,22.2816,PRRC2C,2.5500073,0.001463420095195142,4.2847958,ESAM,7.189922,7.149654808656469e-14,8.273134,SNRPD2,2.4698913,7.760787896593678e-06,5.621919
GCSAML,4.8937745,0.0,58.51819,ANXA1,1.5792218,2.421341363435931e-97,21.223797,TIMP2,1.1341375,9.743644964995603e-218,31.69048,C5AR1,1.6949904,1.7349011488523856e-266,35.055935,CD177,4.773996,0.0,38.173637,TRPV2,2.209761,0.0,41.779358,DAB2,1.8350407,3.162055627818767e-135,24.990812,SAMHD1,2.3681915,0.0,44.617184,LMNB1,2.2420225,9.38879220742417e-246,33.666885,COLEC12,2.3857114,1.2193831417659728e-17,9.250934,FAM107B,0.87802696,3.602200858463016e-54,15.752576,IKZF2,3.8230824,1.1004395566144286e-69,17.959047,PFN1,1.2677455,1.8238015785319537e-277,35.76755,PLPPR3,5.3613963,0.0,40.82043,BGN,8.389275,7.097278059015771e-80,19.245802,MARCO,2.3291473,2.271988254011336e-37,13.12599,MRC1,2.1147285,1.405922561291322e-105,22.109413,SYNE2,7.8213325,0.0015214056160428452,4.27321,SNCA,4.8097134,7.304352515388924e-14,8.267023,CD36,4.1241856,8.075235581805426e-06,5.611168
DUSP4,5.3223658,0.0,58.269535,VWA5A,2.5410507,5.894024706216206e-96,21.071037,FCGRT,1.5211817,3.975737990755738e-214,31.426497,FPR2,2.1928751,2.125596603698702e-262,34.7847,CCND3,2.0829966,0.0,37.96714,PPARG,2.008504,0.0,41.754387,CTSZ,1.743272,3.805545759976116e-134,24.890322,IFI30,2.4418325,0.0,44.434998,KIF14,3.8540492,5.750145962950224e-241,33.3373,FBP1,2.3694448,2.3638866887028814e-17,9.176704,ACTB,0.5921772,2.9300235720456788e-52,15.468567,ATP10D,4.736236,6.579997840173601e-69,17.856264,TCF19,3.3048227,1.9553756315713478e-277,35.764816,MCM2,3.1363976,0.0,40.632107,RHOC,4.9384174,1.0917855912802547e-79,19.222157,PIK3R5,2.0796325,8.556143883656016e-37,13.022739,NINJ1,1.4924188,1.5744771118038587e-101,21.683128,NOP53,2.4877994,0.001649493319718297,4.250357,SERPINE1,4.35775,1.338701728380998e-13,8.184283,CA1,12.43902,8.605244396585353e-06,5.5921545
NR4A1,3.5240302,0.0,57.898224,AHR,2.2652352,1.436177443898894e-93,20.808125,MRC1,1.6394049,1.5378201854860405e-211,31.235743,LITAF,1.2519884,2.125596603698702e-262,34.784096,MSRB1,2.527517,0.0,37.816143,CORO1C,1.7847842,0.0,41.68436,WARS,1.98001,7.207587217437968e-133,24.771177,AKR1B1,2.7182815,0.0,43.75819,KIF11,3.1778054,9.9884061027597e-240,33.250786,ZWINT,2.6529899,2.684090709465962e-17,9.159883,ENTPD1,2.0373769,5.067671787498232e-51,15.282484,IL3RA,2.148724,8.134110839453203e-67,17.582174,IDH2,1.8322577,2.0312158697675195e-275,35.63409,APP,1.796346,0.0,40.622406,HSPB1,2.9101775,1.1763529393272709e-79,19.217005,EMILIN2,1.4853057,1.411216790954754e-36,12.984085,GPNMB,2.56053,3.339674370820178e-101,21.64716,IL7R,3.8227005,0.0017527450348027297,4.229148,LMNA,2.8238988,3.918489762908366e-13,8.042526,MAGED1,3.4128747,8.605244396585353e-06,5.591513
CTTNBP2,5.7361493,0.0,57.46552,HPGDS,3.081157,1.1259242686389306e-92,20.70812,GPX4,1.057476,1.9952843415549546e-210,31.152893,ITPRIP,2.241358,4.221255376336448e-261,34.69735,MLKL,2.2116342,9.296093057297702e-307,37.603977,MRC1,2.3081052,0.0,41.343845,RNF13,1.768289,3.082951444975203e-132,24.711664,CST3,2.2565403,0.0,43.62695,PTTG1,3.1648016,6.209659661161636e-237,33.056114,DECR1,2.1490839,3.728083985826914e-17,9.121307,IL5RA,5.2742276,1.4828721695214958e-49,15.055908,CELF2,1.4480627,3.0171382005201543e-64,17.239086,FANCI,3.246817,3.371626138840417e-275,35.61913,PDHA1,1.9950414,0.0,40.53927,FKBP10,8.4819975,2.024576846897813e-79,19.187553,MT-CYB,4.0321746,4.946519978172532e-35,12.701886,ABL2,2.1141717,7.1070421903798824e-99,21.397326,HIST1H1C,1.775483,0.0023440117695110547,4.147579,PDGFB,8.159709,3.918489762908366e-13,8.041356,NME4,3.047139,8.605244396585353e-06,5.5868497
BHLHE40,1.8381469,0.0,57.178814,ADAM12,3.376725,1.3289243249946962e-92,20.699118,GRN,1.1176794,3.940238447600576e-204,30.683775,S100A9,2.108238,1.2642419032475903e-254,34.264458,LTF,5.0423217,8.409150021441905e-306,37.544678,DAB2,2.022655,0.0,41.24644,TMSB10,1.3971348,2.720879089111441e-131,24.622675,CXCL3,2.9959216,0.0,43.58704,CEACAM3,2.8043244,2.1837032197300405e-230,32.596554,CENPF,3.3943145,4.374643102700697e-17,9.098089,RAB44,2.4709916,1.2980449265270583e-48,14.910385,STK17B,1.8388513,1.961720539967738e-61,16.855577,S100A8,3.526524,4.22316722045907e-274,35.547417,PDZD8,2.4515738,0.0,40.216717,CD151,3.9842868,2.2338940170112636e-79,19.181215,CES1,1.8841435,1.0560738287506712e-34,12.640196,INSIG1,1.7515631,1.3535049850775635e-97,21.258003,PDE4D,2.7133727,0.002910794785063852,4.082827,TLN1,3.2797105,4.767246792517943e-13,8.0143385,UBE2V1,1.9325796,8.605244396585353e-06,5.5853786
RGS10,3.565075,0.0,56.765614,SOCS2,2.7319772,1.0919811448805965e-91,20.596352,DAB2,1.3847775,8.86796870201383e-199,30.279139,CXCR4,1.6518751,1.5856252869668916e-250,33.987404,PYGL,1.8593383,1.5286096617044707e-298,37.09639,CTSS,2.0481687,0.0,41.115517,TBC1D2,2.1175349,5.935962605287808e-129,24.402506,LGALS3BP,3.2716558,0.0,43.415787,ABCA13,3.3027782,3.965070166769705e-228,32.435936,CD163,2.626831,7.4234797499346e-17,9.037625,SIAH2,2.1751115,1.4726934037094258e-47,14.744636,CRIP1,2.8239694,5.593281602908266e-59,16.51468,ASF1B,3.4263647,1.9257536127606703e-271,35.374184,RNASE3,4.2699957,0.0,39.878933,CAV1,9.054424,1.116018915963419e-78,19.096195,FGR,1.2472091,1.2749834938450702e-34,12.624654,ITGAX,1.8395985,1.3535049850775635e-97,21.256927,STK17B,1.8495417,0.0033955688412787414,4.0405254,RGS10,3.4857957,7.445684488200333e-13,7.956438,ATP7B,8.245485,9.798429334953945e-06,5.559245
NSMCE1,3.327529,0.0,56.16301,MSN,1.1548226,3.099520416063213e-89,20.319925,ATP6AP1,1.0893179,1.1380675114580093e-198,30.270166,RESF1,1.7501484,1.6415269904932074e-250,33.985638,APOBR,1.8765882,3.810851309006127e-297,37.00827,CTSA,1.5591087,0.0,41.06966,SOD2,1.7963122,8.74630182226309e-129,24.385817,HS3ST2,2.7438123,0.0,43.36269,KLF5,2.5279803,2.7385222793272367e-226,32.304447,ADTRP,2.1581357,7.701865971492442e-17,9.030828,CD96,3.5056121,5.859080884079135e-47,14.649633,TMEM154,2.4838066,1.6872290464265028e-58,16.446646,TUBB,2.3373048,2.498010380518384e-270,35.30102,CAT,1.8769829,0.0,39.87118,CAPN2,3.175981,1.2390011552990026e-78,19.089561,TFRC,1.5755532,1.331713328891805e-34,12.62051,PSAP,1.3989824,1.9330687457980452e-97,21.23897,CLEC2D,5.2352095,0.0038073113770747094,4.001024,RSU1,2.6305728,1.2388235142338172e-12,7.8874993,SNRPA,2.6150773,9.899947918746961e-06,5.553987
RAC2,1.8653597,0.0,55.92063,ARHGEF6,2.365319,1.2670038561973208e-85,19.906511,SQSTM1,1.0249751,5.1748683795596675e-197,30.143213,CR1,1.8349261,2.9629889290875498e-238,33.14485,CEACAM3,3.017159,4.585013484187977e-296,36.940376,IFI30,2.2103431,0.0,40.928978,CTSS,1.7814095,1.01894226772969e-128,24.378754,IL7R,3.6763113,0.0,42.71788,LRG1,2.285907,6.490705262107893e-224,32.13338,MELK,3.5748484,1.1334308996092944e-16,8.98574,PKD2,2.1055698,5.953583103153444e-45,14.326953,RAPGEF2,2.5750122,1.052100507684641e-56,16.18998,CD24,2.6278014,4.82905880176652e-267,35.085503,ERLIN1,3.0256271,0.0,39.807518,MXRA7,3.6628494,1.951028161835565e-78,19.064676,CDK5RAP3,2.4747834,1.5582724214210833e-32,12.229161,CCL4,2.1811435,3.981078378212876e-96,21.09518,CD2,9.006411,0.004218194204428017,3.9685304,MPIG6B,10.572531,1.986506086415046e-12,7.8255706,HMBS,4.1174583,1.0766177817332746e-05,5.5359125
MSN,1.4425561,0.0,55.86494,STMN1,3.1238592,2.2197632122404587e-85,19.877419,SAMHD1,1.4425467,1.531228540565839e-194,29.953344,CD14,1.85406,5.1141662680964156e-238,33.127666,NKG7,2.6416829,1.221450122033331e-292,36.725735,APOE,2.4330804,0.0,40.73872,FTL,1.0028955,3.7214378297276305e-127,24.229383,RASSF4,2.6999745,0.0,42.612064,PADI4,3.009873,2.8750016328567725e-222,32.01385,ANLN,3.4152663,1.153357036029522e-16,8.981173,NCF4,1.262421,6.707190874387667e-45,14.318211,LAPTM5,0.96078724,2.028587629419239e-55,16.002733,ANXA3,2.35386,2.33855271275255e-266,35.039875,LMNB1,2.486745,0.0,39.724537,GNG11,7.825624,2.218987920134339e-77,18.934832,MAP2K3,1.6736912,5.35323474528809e-32,12.125937,CTSB,1.7626919,2.8036589868654576e-95,21.001482,FCMR,4.788543,0.004931373822732304,3.916085,MYLK,8.980072,2.3382638014501287e-12,7.8023233,ECH1,1.691692,1.4150558273842789e-05,5.481141
RAPGEF2,3.6540492,0.0,55.813793,HMGB2,2.356973,1.5522234671242475e-84,19.77862,DDHD1,1.4408948,2.735963259752252e-194,29.933279,NFKBIZ,1.4157776,1.3134982925438608e-237,33.098495,APMAP,1.9840212,1.3683867551471785e-292,36.722004,SLC8A1,2.694123,0.0,40.685,MARCO,2.4454508,3.993663557414771e-126,24.130632,SLCO2B1,2.5623324,0.0,42.586334,ADGRG3,2.1845808,5.668821855080281e-222,31.991957,TK1,2.9040463,1.345867394514503e-16,8.95991,PFN1,0.58654547,8.783102288936757e-45,14.298998,RASSF2,1.9575278,4.6530730515288694e-55,15.949838,FOXM1,3.106213,4.128165004021149e-266,35.02301,CALR,2.2061927,0.0,38.86145,DPYSL3,8.57415,5.491224955143703e-77,18.885962,DAB2,1.5003313,7.660024592110937e-32,12.0959215,ETS2,1.8165444,1.3506966571029707e-93,20.815428,RBM38,3.5579102,0.008176204609483099,3.7618506,MAX,2.9292238,2.5646101943956704e-12,7.7868614,DDX21,2.0761669,1.4523721043281534e-05,5.471924
BACE2,4.7492847,0.0,55.649925,FXYD5,1.2442675,4.715667242740446e-83,19.60382,LTA4H,1.4929395,1.4440516525683791e-192,29.799944,PIM3,1.8712568,2.504552529372498e-237,33.078316,MCEMP1,1.9985454,2.0433233679495116e-286,36.332466,SOAT1,2.1920307,0.0,40.553215,RAB10,1.2833871,2.1178508439010484e-124,23.963543,TMSB10,1.7340204,0.0,42.50709,SERPINB10,2.564546,7.026108524466564e-222,31.984568,MYBL2,2.838125,1.345867394514503e-16,8.959046,FGD4,1.6043882,1.2437220232426497e-44,14.274159,RUNX1,1.9445654,1.639229939257739e-52,15.5738,ANP32E,2.2831018,7.335456017745774e-266,35.005966,P2RY2,2.8301852,0.0,38.292976,PEA15,3.38898,1.312514805060177e-76,18.838825,JAKMIP2,1.8959082,9.98252533128306e-31,11.874756,PLXND1,1.7878157,2.132464104865161e-89,20.34472,FNBP1,2.3728466,0.008603187379589669,3.7437763,PDLIM1,7.2180552,3.9346258052907354e-12,7.728525,LXN,3.2991965,1.4523721043281534e-05,5.470093
LMNA,2.566255,0.0,55.383816,ID2,2.0864515,6.17671352358519e-82,19.47067,TCN2,1.8063,1.410899117545907e-190,29.64528,IL3RA,1.687691,5.443550665576662e-230,32.562027,CNN2,2.045925,2.0459641130749748e-281,36.01378,CD52,1.7875118,0.0,40.45172,CAST,1.5394607,2.837282483430886e-124,23.950634,CPVL,2.5859368,0.0,42.22961,GCA,1.7943459,8.650477107602325e-221,31.90538,AP2S1,1.695768,2.0852166315651266e-16,8.908144,FRY,2.4782577,5.4948489884483804e-42,13.836092,RASSF5,1.6761613,1.6622602413174382e-52,15.572381,FAM111A,2.5640297,9.800757453993302e-263,34.79929,PDIA6,2.3774714,0.0,38.25744,EFEMP1,9.312091,1.3576192775353836e-76,18.835987,SLC26A11,2.2275522,2.8830125768504772e-30,11.78176,AIF1,1.5590824,2.132464104865161e-89,20.344545,ARHGDIB,1.2505454,0.00897507764591701,3.725149,VWF,6.947209,4.461245937237025e-12,7.7075105,MLLT3,4.2341166,1.6036509046179856e-05,5.449358
PALM2-AKAP2,2.8333893,0.0,55.37244,PALM2-AKAP2,2.1010725,1.7227283912744538e-80,19.297647,RNF130,1.059878,1.9814838794964225e-185,29.242525,S100A8,2.1014383,5.788973441072723e-225,32.204296,SUSD3,3.4071434,1.877660276370031e-277,35.7591,C1QC,2.941346,0.0,40.404766,MAF1,1.6830266,3.3431838986173365e-121,23.653326,TIMP2,1.7831825,0.0,42.198357,NCAPG,3.1675725,4.0163175126511896e-219,31.784319,TCF19,3.0250533,4.0875636040010313e-16,8.830739,CSF2RB,1.2317446,2.900967355455575e-41,13.71397,ANXA1,1.2495672,3.1496403147563515e-52,15.529385,SPC25,3.568718,9.275247043876318e-262,34.734077,VAMP8,1.5866691,0.0,38.131386,HSPG2,7.2583613,1.562538869148332e-76,18.827515,RUNX1,1.5780748,5.6654856311612676e-30,11.723582,ICAM1,1.7532711,5.851154371515197e-89,20.293886,IL32,5.2892594,0.009734917509178173,3.6921694,TAL1,6.4725943,5.461644677571493e-12,7.6768045,JPT2,2.797023,1.6723408443633694e-05,5.438795
DCBLD2,5.227304,0.0,54.453205,BACE2,2.8809333,2.2793035168473213e-80,19.282303,USF2,1.0554972,1.0259386846229902e-181,28.948273,CEBPB,1.6410357,3.294651944705251e-224,32.149666,LCN2,4.4705424,1.1447877203939148e-275,35.64346,ANXA5,1.7298399,0.0,40.241653,SEC31A,1.8047197,2.929706390042416e-119,23.461683,SLC7A7,2.2283528,0.0,41.482197,KIF22,2.835221,7.575455779147781e-216,31.545076,SAMHD1,1.8991385,4.705483585829891e-16,8.812571,NDFIP2,1.9769819,1.2995137402045642e-40,13.602698,GPR34,3.2183602,3.550955517976995e-50,15.217896,SERPINB1,1.7926394,3.0399278641293345e-260,34.632347,DEFA3,3.5705247,0.0,37.870174,GNG12,4.8073497,1.5952728305638748e-76,18.825409,SLC43A2,2.328517,6.970155494735931e-30,11.705468,SOCS3,1.6813685,1.3372664906365813e-88,20.252132,EEF2,0.89221525,0.010812493340864699,3.655652,HPSE,7.1035,5.60578567368504e-12,7.6688013,PRDX2,2.900179,1.730896932346078e-05,5.429609
CYP1B1,3.027142,0.0,53.537334,CKS1B,2.7570288,1.0697478212072257e-79,19.200464,TFRC,1.4813018,5.691918654389103e-181,28.888433,CCL4,2.1653335,7.637120932228521e-224,32.122902,FOLR3,3.1023557,4.9667108009678634e-275,35.601704,SLC15A3,1.984549,0.0,40.189777,PLA2G7,1.9241769,4.108991126778934e-118,23.348373,FBP1,2.675459,0.0,41.371548,ANLN,3.3164613,1.6525039444242203e-215,31.519737,SMC4,2.3167639,4.90255381655992e-16,8.805611,ADGRE1,3.9429338,6.503461353205382e-39,13.308345,ALOX5AP,1.3605604,5.878418530165392e-49,15.0298395,WDR76,3.1871643,4.119562917222438e-260,34.622993,MCM5,2.7291086,6.708763931907169e-308,37.65769,CAVIN1,4.3950863,1.9337990247176383e-76,18.813408,TXNRD1,1.2936714,1.2866078928638697e-29,11.651461,NIBAN2,1.8988302,1.175347557740878e-87,20.14372,CD5,8.896688,0.011535483756846614,3.6348448,ZC3H12C,3.4078941,6.5643462963628984e-12,7.646248,NUCKS1,2.3674538,1.8050947766685965e-05,5.4191084
ID2,2.6608624,0.0,52.601036,CTSG,3.1067562,1.9015086146812124e-77,18.92864,PPARG,1.2995367,9.9138698568909e-181,28.868595,CTSA,1.1796939,2.683055963540379e-222,32.011402,FOS,2.188469,8.605510146042294e-272,35.3912,ACE,2.1723893,0.0,40.085922,RNH1,1.3324448,7.933003258427577e-118,23.318893,LHFPL2,2.4901626,0.0,41.353527,LBR,1.8522786,1.0255366996978136e-213,31.38801,IL7R,3.1023948,7.770044000878434e-16,8.751488,MYADM,1.2473009,6.503461353205382e-39,13.3082905,ENPP3,3.3748975,2.8622849862208524e-48,14.924154,HIST1H4C,3.0351079,2.592664773808525e-259,34.569294,MT-CO2,2.945118,1.878613463212703e-307,37.629955,REXO2,3.1484473,1.9337990247176383e-76,18.813248,FNDC3B,1.2278435,1.2851162799798672e-28,11.448149,KLF6,1.4229383,2.6362819934314992e-87,20.102633,HNRNPC,1.6396887,0.01746129877674942,3.4906368,MTSS1,6.3026304,6.5814379326287236e-12,7.643676,FARSB,3.2068126,1.861203516850346e-05,5.4106736
PTGS1,3.615247,0.0,52.5533,TACC3,2.6267757,7.304916839254835e-77,18.85514,SDCBP,0.98869956,2.1831140991441515e-180,28.840635,METRNL,1.3174717,5.420436270778571e-221,31.91685,GBA,1.5888863,1.0968029193849058e-268,35.18817,LRP1,2.2762313,0.0,40.066612,PNRC1,1.2777803,2.5375336507583672e-117,23.267134,LRP1,2.3576517,0.0,41.314037,KIF23,3.1279528,9.068174456302958e-210,31.096834,CXCL3,2.4004796,7.861660062280511e-16,8.747885,SYNE1,2.2649882,3.2574915046088834e-38,13.185286,MAX,1.6800313,1.976346752852553e-46,14.6353035,CDK1,2.8079257,1.0040437084097586e-254,34.262028,PNP,2.3968456,2.246348687075899e-307,37.624813,LAMB1,9.642778,1.4251259619951183e-75,18.70612,MAPK13,2.980507,4.99524947046553e-28,11.328045,DOT1L,1.6276495,3.2429007230181307e-87,20.09133,SEPTIN1,5.213207,0.02155640481427838,3.4145005,AGPAT1,3.0169818,6.610270149277644e-12,7.6409125,HBS1L,2.37581,2.349074892874927e-05,5.365902
STK17B,2.2408085,0.0,52.352703,IDH2,1.7462554,1.6841263171404045e-76,18.810114,LRPAP1,0.86399543,4.093991412675236e-180,28.818228,IFI30,1.7547976,7.15465825556402e-221,31.907564,FGD4,1.9618046,4.7631899937374843e-268,35.145885,S100A10,2.015819,0.0,40.02552,TULP4,2.2541442,1.5806889815676505e-114,22.988811,SCD,2.384558,0.0,41.25157,RRM2,2.3167834,5.216194604391944e-209,31.039978,NRP2,2.409734,8.441880602839345e-16,8.737368,MT1X,2.4838138,6.58382289367786e-37,12.9538145,GNAQ,1.3853174,9.571695435217091e-46,14.524981,FEN1,3.0545614,4.4424606161101475e-245,33.606976,MT-ND3,2.6351154,2.4374765485429204e-302,37.314823,LTBP2,8.1837225,6.643558232439821e-75,18.622932,KMO,2.5926466,5.219855482902505e-28,11.323937,NPC1,1.6909559,1.7586138657696813e-86,20.006205,LEPROTL1,1.901153,0.023675348465563767,3.3808,KCTD20,2.767556,7.687398381028277e-12,7.619285,KIAA1586,3.2594552,2.3726901759291343e-05,5.3612075
ADAM12,5.2029753,0.0,52.221912,KIT,2.9241238,2.287057924321059e-76,18.793098,SLC15A3,1.3276469,1.7917407785520617e-178,28.686344,MAP2K3,1.4459492,1.1280504145168989e-219,31.82051,SORL1,2.4705043,7.259134878015206e-260,34.60551,GPNMB,2.7591166,0.0,39.958557,UBTD2,1.8992807,4.200037904519246e-113,22.845339,ENG,2.0518448,0.0,41.027924,INCENP,3.0218673,6.013300183881682e-209,31.03481,TACC3,2.5271904,8.441880602839345e-16,8.735412,FOS,1.2571666,3.409105360754131e-36,12.8248825,ST3GAL4,2.607153,3.991601557478469e-45,14.425086,TMEM106C,2.5747244,1.156899692333884e-244,33.577965,HELLS,2.989327,5.089562878869206e-295,36.860325,RCN3,5.742222,1.3112347768494242e-74,18.584642,EID3,3.3334284,6.07654916090781e-28,11.3098545,CCL4L2,1.9740164,3.9426916725999094e-85,19.849545,NELL2,14.514174,0.027412588253698186,3.330417,TMSB4X,1.2185715,1.4489979084204121e-11,7.5327477,CPOX,3.3573058,2.4118731745600672e-05,5.3554015
PTGS2,3.9085636,0.0,52.097385,GRAP2,3.1180916,3.942306760659014e-76,18.763409,CD14,1.4135367,2.177179495511285e-177,28.59865,ICAM1,1.6157732,3.545290562118063e-218,31.710938,PROK2,3.2498918,1.415315020709811e-259,34.585136,OLR1,2.0314114,0.0,39.620937,SNCA,3.3543577,2.1193095797777735e-111,22.672756,CXCL16,2.2475922,0.0,40.917496,FCAR,2.1616538,4.75082343176124e-208,30.967627,TUBB,2.2054133,1.0590016182010973e-15,8.70759,ADGRE5,0.7660348,4.4188947499024235e-35,12.621225,TCN1,3.4343998,8.755367478515831e-43,14.041254,YWHAH,1.9806949,2.0408676748164395e-231,32.65672,MAT2A,1.8567822,2.2162128007418183e-293,36.757122,MCAM,8.458107,8.47146189776478e-74,18.483362,ADTRP,1.9312952,1.372148239375077e-27,11.236657,GLIPR1,1.7002478,5.416218949837068e-85,19.832605,B2M,0.6663099,0.031685383746434474,3.27829,ASAP2,8.009129,1.6619932328359444e-11,7.511746,FHL2,3.872263,2.499732762904819e-05,5.346122
ZFP36L1,4.1694975,0.0,51.67156,ACSL4,2.041713,1.9316321501883771e-75,18.677994,ATP6V1B2,1.1556692,2.298007441371036e-175,28.434277,MCOLN1,1.3854519,1.243781667699107e-216,31.5981,IL17RA,1.7952574,1.119093529136974e-257,34.457592,PLPP3,2.2204354,0.0,39.542007,ANXA5,1.4601791,9.942486995956497e-111,22.603994,CXCL5,3.9180152,0.0,40.663692,DEFA3,3.3650408,2.1236879649559274e-206,30.844229,KIFC1,3.1544697,1.2975843010475975e-15,8.682398,PGD,0.6188526,4.860819291564054e-34,12.426287,SLC45A3,3.7168698,3.259086638812741e-42,13.9462385,CENPM,3.3187706,7.769132215139287e-226,32.26015,TYMS,2.4538703,2.1284345509722475e-285,36.252895,ITGAV,4.042329,9.399811919788804e-74,18.47686,CCL18,1.571229,5.710640564913155e-27,11.104665,PNRC1,1.2907608,1.1503992114388765e-84,19.793722,MLLT6,2.3894498,0.03305341937662998,3.2630324,GP6,8.318706,1.6619932328359444e-11,7.5106707,URI1,2.1939678,2.60396208843281e-05,5.33595
RGS1,5.025384,0.0,51.245613,GLUL,1.3940834,7.39314707942303e-75,18.60469,CSF1,1.4073558,2.5005915897837423e-174,28.349724,BTG2,1.2583414,5.04415271964357e-216,31.553253,PLAC8,2.4071317,4.089328476333837e-257,34.419483,SORT1,1.8469931,0.0,38.69399,ATP6V0D2,3.1964586,1.1361804750719266e-110,22.597492,ADA2,2.5434659,0.0,40.57171,BIRC5,3.2329783,2.5849273442284517e-204,30.687756,STMN1,2.7476869,1.4847263192155518e-15,8.664976,P2RY2,2.138241,6.7002277956970705e-34,12.400141,SELL,4.1508126,7.23929324927956e-42,13.888029,SRPK1,1.8044667,8.015749730037022e-225,32.18727,APEX1,2.5489678,5.502864599570894e-281,35.971397,RAI14,7.356659,1.2061581848867398e-73,18.462523,TM4SF19,2.9429765,5.9313763598687895e-27,11.101039,USP12,1.6139154,1.5194513157890684e-84,19.778753,TXNIP,1.1838259,0.0373029562335317,3.2165058,MTURN,4.4860563,2.3143453296136834e-11,7.4631557,CCT6A,2.4512134,2.960899930778104e-05,5.307156
RHEX,4.757025,0.0,50.755116,SMC4,2.5117805,4.119341892236301e-74,18.511658,ARRDC4,1.3935353,1.2027275079340943e-172,28.212366,TREM1,1.8778725,3.825023081326111e-213,31.341,HP,3.9698436,1.0452328397411288e-255,34.324764,GRN,1.6211504,0.0,38.615284,NRP2,2.500344,2.2262165952922777e-110,22.56657,GRN,1.7753246,0.0,40.540012,KIFC1,3.0600858,1.411771026464111e-198,30.253557,DEK,1.8753825,1.4911812589734088e-15,8.662428,KCNH2,3.940181,1.30651964902443e-33,12.346287,CLINT1,1.8297267,8.22049425218748e-41,13.709842,GCA,1.7860886,9.024088002817466e-224,32.111523,SLC2A5,3.6033797,7.965011995211202e-278,35.767952,CDH13,9.628958,3.4633564441769614e-72,18.278576,EHBP1L1,1.326393,6.009771759401999e-27,11.099629,ZNF697,2.2658355,4.283701282982079e-84,19.725487,PIK3IP1,6.779097,0.03747010255210668,3.2138565,MYH9,2.1170459,2.483315316169274e-11,7.4518857,SLC30A1,2.3087926,3.0453127301105168e-05,5.2993627
SOCS2,3.3042421,0.0,50.5082,RAC2,1.4321604,9.792004676118193e-73,18.338734,ASAH1,1.2394177,3.237617793326079e-170,28.013012,SOCS3,1.6825209,8.078489815574733e-212,31.243103,LRG1,2.347971,3.461746387690772e-255,34.289387,ADTRP,2.2317393,0.0,38.58732,CYP27A1,2.0121875,1.1222091968335203e-109,22.493748,MMP2,2.3749828,0.0,40.517853,BASP1,1.6430389,3.1536375343120633e-198,30.226461,CTSL,2.0023966,1.7123511780698085e-15,8.644633,RAB11FIP1,1.0468785,1.7856370494948713e-33,12.320892,MYH9,1.1494117,2.3457781882996805e-40,13.631337,SMC1A,1.8902239,7.825007719425219e-219,31.753813,MIF,2.0266209,7.537891706044367e-275,35.57565,SPOCK1,8.943016,6.38072507985686e-72,18.24437,IRF8,2.567378,5.412587197953686e-26,10.896078,CTSH,1.8540857,1.6735458104582264e-83,19.655544,TOMM7,2.0200627,0.03827173561797491,3.2017848,MAP3K5,3.264926,3.0646148637160945e-11,7.4221325,ADA,3.8339086,3.210588321526578e-05,5.2839484
RGS2,3.855931,0.0,50.370388,KIF23,3.5932512,1.1567277486476975e-72,18.328953,FGR,1.0054908,3.8277342716340825e-170,28.006481,S100A6,1.0887104,3.123481064811884e-210,31.125507,IVNS1ABP,1.5207895,5.0151828924931305e-248,33.80502,VSIG4,3.313826,0.0,38.584644,PGRMC2,1.9015917,5.447193838195997e-109,22.42297,CTSD,1.9413512,0.0,40.232933,PDE4D,1.9557862,4.108771112011975e-198,30.21718,AKR1B1,2.2149563,2.6432816576478368e-15,8.59292,LPGAT1,1.7499301,6.0655702445458e-32,12.027332,IFITM2,2.113943,2.4599371402280845e-40,13.627507,CKS1B,2.3444862,1.4782418989414337e-218,31.733313,MSRB3,2.6245375,2.3477348160358528e-272,35.413677,EHD2,7.0649405,1.1518420202020449e-71,18.210403,STX4,2.1267495,1.4007544907135556e-25,10.806932,SERPINA1,1.5208349,2.494142380577028e-83,19.634388,CTDP1,2.2445476,0.051965655634736534,3.0806642,ECE1,4.2878113,4.836203404677712e-11,7.3576174,ZNF146,2.2619174,3.210588321526578e-05,5.2838387
PRG2,3.2818165,0.0,50.302303,NUSAP1,2.8417358,1.3221765238305653e-72,18.320967,ANXA5,1.1281282,8.7122517578883e-167,27.7278,TYROBP,1.3206917,1.298774519689415e-208,31.00513,PSTPIP2,1.6847594,4.5344318860097823e-247,33.73939,RCAN1,2.546665,0.0,38.443874,FTH1,1.4669266,2.4243531679026193e-108,22.355288,GPRIN3,2.5828109,0.0,40.105328,KPNA2,2.5652995,1.6124180797663772e-194,29.941322,FABP5,3.2780888,2.745918797168912e-15,8.586579,YPEL5,0.9483318,1.0825870476333634e-31,11.978209,BTK,2.3166192,3.738276518323987e-39,13.423858,BASP1,1.6849682,3.815281332811049e-217,31.630335,MYDGF,1.7284399,3.8226316135526105e-272,35.399574,CALU,2.500811,2.6147909432442284e-71,18.16465,DOT1L,1.7642398,2.0472173989446105e-25,10.770287,SAMHD1,1.6915549,1.3174871762819162e-82,19.548769,ZFP36L1,2.5692828,0.06056094606563582,3.0164654,ICAM2,4.8331347,8.800296570882992e-11,7.27534,SLC25A15,4.607262,3.210588321526578e-05,5.281914
VIM,1.5751859,0.0,49.738796,TOP2A,3.5225675,1.795707117345563e-71,18.177042,RHOQ,1.2903847,1.426484941526827e-166,27.709501,NCF2,1.2272038,1.3216173814281343e-206,30.855333,CSF3R,1.8520648,6.871353711532619e-247,33.7266,HS3ST2,2.3149595,0.0,38.413246,TDP2,1.8197972,2.779929236628411e-107,22.24556,JAKMIP2,2.3857112,0.0,40.014603,TUBB,1.8807675,7.323002121992958e-194,29.890278,RCAN1,2.3161874,3.6323153624216585e-15,8.552426,SIGLEC6,1.1250986,2.1391565063703936e-31,11.920534,LMNA,1.5379273,8.125173262963649e-39,13.364827,SMC4,2.0967402,6.773695040775812e-217,31.61173,AFF2,2.497378,2.409643461965205e-270,35.282074,UCHL1,5.8142138,1.5485632692509917e-70,18.065159,TTC39B,2.5700676,2.070215193362688e-25,10.769039,GPR183,3.3301299,1.4929766258531918e-82,19.541515,IKZF3,4.3323274,0.06155736788006139,3.0109491,GUCY1B1,8.768368,9.739890524186255e-11,7.2597423,TPM1,2.4660218,3.309510116072118e-05,5.2738237
NCOA4,1.7626382,0.0,49.465458,RRM2,2.988974,3.97861515907526e-71,18.132662,HEXA,0.99220645,1.45862180481488e-166,27.708172,EVI2B,1.2178135,2.0369632085105015e-206,30.84083,ANTXR2,2.227397,1.2773765728775361e-241,33.364372,SPARC,2.3201525,0.0,38.39898,PXDC1,2.77895,2.8521747146108883e-107,22.243858,MS4A4A,4.4779305,0.0,40.001736,ERG,2.7409694,2.1430336804483173e-193,29.85386,CD68,1.9120005,7.331623480946306e-15,8.467188,CCL4,1.2933623,1.0521076683004128e-30,11.784435,ESYT1,2.0154681,9.31190800064597e-38,13.179366,MCM2,2.5855038,1.4411379156793894e-214,31.44142,PDE4D,2.0444922,5.846894626277639e-270,35.256622,THBS1,5.017332,5.323774752483503e-70,17.995323,KIF1B,1.7832961,5.897970762243514e-25,10.668108,CD68,1.8191282,7.20877458994742e-82,19.460125,TRBC1,11.834843,0.06361436978096306,2.9962115,MPP7,4.8960433,1.2453882672419055e-10,7.2245445,MINPP1,3.3471074,3.3348591659931457e-05,5.269927
SLC7A5,2.9289553,0.0,49.080803,CTTNBP2,2.974469,4.6055492733848636e-71,18.123932,COLEC12,1.5743481,3.9452527147756137e-166,27.671764,CSF2RB,1.1670754,5.279001845722744e-206,30.809483,PFN1,1.1270193,1.2773765728775361e-241,33.36429,GPRIN3,2.4169874,0.0,38.39443,TMBIM1,1.2654284,1.6661898349681626e-103,21.850195,DAB2,2.0565212,0.0,39.92636,NCAPG2,2.3770092,5.596806048300003e-193,29.82122,CXCL5,2.9005787,2.7810388055221405e-14,8.30853,SEMA7A,1.2558366,2.5961226006375715e-30,11.705398,SOCS1,2.52258,1.1526669365619379e-36,12.985819,KIF22,2.846447,2.039375464820882e-213,31.356655,DKC1,2.2618945,4.27583148075458e-267,35.068886,WWTR1,6.3286715,2.858130015631732e-69,17.900452,RBM47,1.7026926,8.632826850647521e-25,10.631174,CLEC7A,1.6003805,3.4826317326814684e-81,19.37838,CD3D,11.292763,0.06391794682868783,2.9943671,LRP12,3.383347,1.485716734972435e-10,7.1986704,LDHB,2.1916993,3.8712649279898575e-05,5.240006
BTK,3.338477,0.0,48.88495,CALM3,1.6961246,7.829797782441078e-71,18.093372,CD300A,1.1584252,4.014108489365765e-165,27.587399,CD69,1.5639342,8.525332084121058e-206,30.793457,CYBB,1.7920054,4.145217505288583e-239,33.190216,HMOX1,2.2883554,0.0,38.275063,SCD,1.491297,2.9905400256177084e-101,21.610777,SH3PXD2B,3.0118787,0.0,39.770885,SPAG5,2.8352838,2.2577512453103744e-192,29.773968,CTSC,1.3087718,3.3299919248830777e-14,8.285249,PDE4D,1.3292142,2.656142161808334e-30,11.703357,IL10RA,1.9459177,6.665028274423799e-36,12.847502,USP1,2.128027,1.1090500699784427e-212,31.302206,EIF3A,1.7157985,4.185114636857411e-264,34.87146,PARVA,7.8285,4.640047320623254e-69,17.872698,ACSL1,1.4185429,1.0192025407854518e-24,10.614641,HMOX1,2.1510456,1.3334957079225728e-79,19.189014,LY9,11.066127,0.06392731503446021,2.993026,LRRC8B,4.2417245,2.3130602191146238e-10,7.1343865,HNRNPC,1.737422,4.056137327111881e-05,5.2289424
NDFIP2,4.048964,0.0,48.800465,IL9R,3.2688563,7.20278780706324e-70,17.968712,SOAT1,1.5598235,1.860106345281766e-164,27.530823,NDRG1,1.6720053,2.474522458659649e-202,30.531836,TSPO,1.4131993,4.643845428062673e-239,33.186337,APLP2,1.6815554,0.0,37.92316,SCYL1,2.0766184,2.42196051558968e-100,21.51291,FMNL2,2.4135866,0.0,39.74063,SLPI,2.5065265,1.700984329751123e-191,29.705168,CPE,3.2363672,3.6658738039209516e-14,8.271956,ANKRD28,1.4743317,4.0070201821656044e-30,11.667813,B2M,0.6360345,7.956426493740193e-36,12.833471,MNDA,1.7402849,8.900906740198936e-212,31.235222,TRA2B,1.7793053,1.3832675230501177e-262,34.770756,ABI3BP,7.7858086,1.6744033254101425e-68,17.800232,ZEB2,1.0119624,1.5705212667476644e-24,10.572946,MCL1,1.1315922,1.1302612209168234e-76,18.834055,ZFR,2.2530084,0.06428662835479293,2.9894881,KIF2A,4.028241,2.365545139800422e-10,7.1295004,SNCA,3.2065918,4.235847980420687e-05,5.2157345
CD9,2.0759833,0.0,47.5471,CEP55,2.8242242,8.427530197342485e-69,17.829813,FTL,0.6807901,1.463302735842148e-162,27.37103,RALGDS,1.4579273,1.7608060261980936e-201,30.467113,ALOX5,1.3458114,1.3481841957228745e-236,33.014713,CTSD,1.7522968,0.0,37.85724,S100A11,1.0583812,2.097817715301505e-99,21.410976,COLEC12,2.3985844,0.0,39.709675,CORO1A,1.9227879,1.781074382286465e-191,29.703142,CALU,1.5441437,6.105526565028333e-14,8.209099,IKZF1,1.0644392,4.237536547054558e-30,11.662749,NDFIP2,2.6506767,8.107388164176064e-36,12.831696,NCAPG,3.218822,1.6439336733315783e-211,31.214716,JDP2,2.3503902,2.43498887332016e-261,34.687595,SERPINE2,6.2936788,1.9773129090442868e-68,17.790186,FMNL2,2.3431947,2.1622528363765045e-24,10.542313,TYMP,1.5517519,1.1302612209168234e-76,18.83367,RASGRF2,8.20178,0.06834174568451569,2.9645565,ST8SIA6,6.1274786,2.805568136993604e-10,7.104198,SH3BGRL2,6.7376714,4.235847980420687e-05,5.213747
NFATC3,3.0089262,0.0,47.530582,PTGS2,2.428931,1.5474361298209535e-68,17.79518,VAT1,0.83447707,2.5146258026846727e-161,27.266102,SIRPA,1.2934123,1.8178115033702568e-198,30.238281,FPR1,2.8375986,6.537048771074771e-236,32.966454,FAM20C,2.206567,0.0,37.72672,P2RX7,3.1033468,8.8292610505208e-99,21.342878,CTSH,2.2885244,0.0,39.70943,S100P,1.9947044,2.7221278092348335e-189,29.533056,COLGALT1,1.4665308,7.743861441032784e-14,8.178694,ADGRG3,1.2586287,8.932714790714385e-30,11.598187,FTH1,1.205894,9.653701880229822e-36,12.816899,CEP55,2.578949,1.3587946322537817e-210,31.146618,ITGA4,2.5520332,1.0300964284833956e-260,34.645706,FSCN1,5.597214,2.459273608409032e-67,17.647646,DDHD1,1.6288728,2.350169674913874e-24,10.533661,ATP13A3,1.6216118,8.578795263849545e-76,18.725222,SMAP2,2.4664454,0.07104433983355705,2.9499195,CTR9,3.7582364,4.58211341860478e-10,7.030863,NFIA,3.2149305,4.2997738752420404e-05,5.206502
EPAS1,1.7602172,0.0,47.48657,ABCC4,2.653174,2.031164439320325e-68,17.778702,GLIPR1,1.3994457,3.06806946568233e-161,27.258343,CFLAR,1.2207927,1.4398176629336186e-195,30.016533,KIF21B,2.4131079,2.825550553056164e-233,32.780697,MAN2B1,1.5959938,0.0,37.721046,LONP1,2.030691,4.438278567857476e-97,21.157942,CORO1C,1.7723924,0.0,39.68397,TYMS,1.9691808,4.8860147877552756e-188,29.434303,AGPS,1.4046929,8.19325866459306e-14,8.170106,CKAP4,1.4534811,1.2113785456083296e-29,11.571783,RAC2,1.0306886,1.2478287289605502e-35,12.7960415,GMNN,2.6108615,5.3145289590002346e-210,31.102419,NOLC1,2.6159291,1.077322550837246e-260,34.6441,DSTN,3.185505,3.635710379458564e-67,17.62483,ATP2B1,1.6233536,2.374488933970597e-24,10.53249,IL7R,3.104762,1.243883338485753e-75,18.704613,RAPGEF6,3.4817107,0.07703055877813049,2.9179795,LY6G6F,13.454687,4.700168524764367e-10,7.0243435,EIF2AK1,2.268719,4.2997738752420404e-05,5.20633
TIMP1,2.5498092,0.0,47.46304,NDFIP2,2.6215854,1.6250952342526422e-67,17.659317,CTSZ,1.144093,3.837345388237213e-158,26.995335,B3GNT5,1.3945452,1.533669005728874e-194,29.93726,LBR,1.821182,3.850176541352306e-229,32.48841,UBL3,1.947687,0.0,37.685284,EPHX1,1.7628936,1.328028935829531e-96,21.105698,ATP6V0D2,3.3935785,0.0,39.66917,KIF2C,3.4768345,1.6048993069024426e-184,29.157782,SHCBP1,3.062778,1.1547331613846177e-13,8.126836,TNIK,1.6831878,2.7941897686124407e-28,11.293824,HPGD,1.8698834,6.421675558940185e-35,12.66447,TPX2,2.484661,4.269011936333248e-207,30.88642,MCM3,2.9052284,6.0211872284299544e-260,34.59412,NPDC1,5.1591535,3.6689915169897423e-66,17.491478,GPCPD1,1.3826748,9.51441648698274e-24,10.39666,PLAUR,1.2497017,3.458831516279441e-74,18.525684,LTB,3.493356,0.07855707613904864,2.9095962,WIPF1,1.9224241,4.700168524764367e-10,7.0239077,SPTB,4.132308,4.318070457406259e-05,5.2032623
GRAP2,4.859735,0.0,47.25567,AKAP12,2.9959648,8.234134353245187e-67,17.566893,MCOLN1,1.1426322,4.687115180697589e-158,26.987469,TANK,1.4236373,9.924538010836524e-194,29.874453,GTPBP1,2.2196877,2.7789900089400364e-222,31.998266,CSF1,2.04189,1.4583697760089112e-305,37.513424,PSAP,1.1683606,3.514348297184243e-96,21.05915,IFI27,4.1441855,0.0,39.62855,UGCG,1.6687255,1.0072792372608888e-180,28.855766,CTSH,1.9020464,1.1798745339885846e-13,8.1224785,PATJ,3.6518693,1.1519092465648732e-27,11.165427,PALM2-AKAP2,1.6131334,7.207818396378791e-35,12.654806,SERPINB10,2.4562426,1.704541822401641e-205,30.76652,LOXL1,3.2139091,6.600365423969828e-259,34.52428,NNMT,6.116211,1.881597118824849e-65,17.397377,SAT1,1.3784802,1.2655469367749431e-23,10.368264,CTSZ,1.581429,2.2440274941739953e-72,18.29893,TMEM248,1.3622285,0.08025436115676589,2.900911,PDE5A,9.152041,5.548362970606645e-10,6.997367,YWHAE,1.4329822,4.329658031925075e-05,5.198286
FOSL2,1.8642334,0.0,46.64921,SFXN1,2.2510889,4.2413564040118463e-66,17.471897,CLEC4A,1.608186,5.966903208809193e-158,26.978075,NINJ1,1.1962057,1.8792062365136448e-193,29.852667,NBEAL2,1.7396715,4.5882348485957585e-220,31.838018,PPT1,1.5931847,4.450021230253202e-305,37.48331,UFM1,1.6268965,1.1942445090162836e-95,21.000628,ACP5,2.3015833,0.0,39.549156,TCN1,2.7434409,8.282005584395786e-179,28.702288,CENPU,2.5447993,1.7613623975570062e-13,8.070284,ADGRG5,4.099606,1.3339796320823248e-27,11.151723,SH3BGRL3,0.91682535,3.1401142654713865e-34,12.536625,HMGB2,1.9208106,1.7555569343051444e-204,30.689882,LRG1,2.236361,4.750626177840696e-255,34.26567,PFN2,6.5765266,2.1983571626726664e-65,17.387774,DDX5,0.5816853,2.5374884233242912e-23,10.298688,TIMP1,1.5897495,3.972282797707211e-72,18.26699,RBM33,1.5970285,0.08809789465844749,2.8605542,MED12L,5.120471,9.614863364294426e-10,6.9166,DMTN,4.2166443,4.7723088770011494e-05,5.1757674
DDIT4,3.2362447,0.0,45.746845,TNFSF10,2.306864,5.276747017564158e-65,17.326344,SERINC2,1.4652365,2.16847128599623e-156,26.844292,MXD1,1.7662967,8.82467388509573e-192,29.723162,INPP5A,2.1338167,3.07270737380664e-218,31.705412,LY96,1.8355227,3.236906570842505e-304,37.429996,OPTN,1.5656829,3.3811168636724406e-94,20.840698,CSTB,2.1175997,0.0,38.92036,PGLYRP1,3.2796755,1.1494702051363946e-178,28.689997,FABP4,4.6664324,2.1361160319617585e-13,8.04501,PAXBP1,2.2598612,1.4156162891360142e-27,11.146251,MYADM,1.6309489,5.063961589670312e-34,12.497811,PDHA1,1.6024181,2.76524361619843e-204,30.674685,PA2G4,2.3480074,4.249113417214849e-254,34.201424,CAV2,7.92811,3.811898771151319e-65,17.355515,SH3BP5,1.5463829,2.5440562361200876e-23,10.2982235,MS4A6A,3.2531054,7.045070296117791e-72,18.234903,GIMAP5,5.8929825,0.09060294334698962,2.846923,TGFB1,3.1923254,1.0308459795413832e-09,6.9050994,MT1X,2.9172354,5.035005652913537e-05,5.1635923
CALB2,6.2385755,0.0,45.64852,KIF11,3.1822097,1.0553328868392425e-64,17.285864,IGSF6,1.3970786,4.364596087967869e-154,26.645773,ETS2,1.6342922,7.467316478787267e-191,29.650883,SLA,1.9246151,3.3805111066063916e-214,31.41042,JAKMIP2,2.1620927,7.272158016879143e-304,37.408005,EMP3,1.2131344,3.3984940011513446e-94,20.839972,TGM2,2.475421,0.0,38.82509,MBOAT2,2.0082986,1.6628510707443458e-176,28.515862,MS4A4A,3.4347858,2.2365592670703234e-13,8.037713,LPCAT2,0.8768057,1.4122028491832455e-26,10.934452,PIM1,1.3016559,6.009175484925346e-34,12.482757,POLE,2.621012,2.1642760143913203e-202,30.531569,FBL,2.4218655,2.2504168717168096e-252,34.084667,ADGRL4,9.452977,8.66207708753054e-65,17.307636,SOD2,1.2605939,2.980139703232251e-23,10.282452,ATP2C1,1.3643568,1.3738196011955906e-71,18.197575,PFKFB3,1.8015028,0.0968414755535706,2.8156705,CLU,2.729712,1.078653526817562e-09,6.897055,CENPU,3.2463236,5.0435732629320065e-05,5.1611357
FOXP1,2.7088695,0.0,45.364716,CENPE,2.9862833,1.6374071001416216e-64,17.25996,PIK3AP1,1.0246726,1.9089411339616334e-152,26.502903,CSRNP1,1.4985619,5.455113988218049e-189,29.505135,IL18RAP,3.0546253,2.2761402699658854e-211,31.202208,RNF13,1.7223672,1.2978714886756426e-299,37.145203,CCL18,2.0066745,1.4564000216819338e-93,20.769709,TXNRD1,1.7538002,0.0,38.695095,CLEC5A,1.9639126,2.9987916348047177e-176,28.49477,ANXA2,1.8397866,2.2585978323023932e-13,8.034865,LIMD2,2.2896652,1.4534536925274886e-26,10.93175,LGALS1,1.1981621,6.243247999926146e-34,12.479429,CLEC5A,2.1021316,5.457913353907826e-202,30.500896,SRPK1,1.7896024,8.655107472012729e-250,33.909157,PLS3,8.888165,1.1538462569164376e-64,17.290451,LTBP3,2.533859,3.3519139480785364e-23,10.270742,IER3,1.4406985,2.2789830532242684e-71,18.169056,JMJD1C,1.400702,0.10705893139257495,2.770116,MAST4,4.357924,1.1203572293465872e-09,6.890073,TUBB2A,4.011396,5.046870250072157e-05,5.158898
SH3BGRL3,1.3840358,0.0,45.0758,NFATC3,2.1383078,3.234910461153597e-64,17.220043,LY96,1.3273512,1.3473372126946577e-151,26.42873,SAT1,1.3597698,1.7328960688610955e-188,29.465569,MAPK14,1.7123079,6.7560951542358345e-208,30.944754,ACSL3,1.8322972,3.353907276021871e-299,37.11929,SEC13,1.744034,3.6531581495527075e-93,20.725012,PLBD1,4.6213636,0.0,38.49369,PLAC8,2.1411567,4.0019178145022257e-174,28.321873,SERPINA1,1.6488277,2.8056753256714167e-13,8.006598,ITGA4,1.9265788,3.1934883982629053e-26,10.858133,SLC18A2,2.2208729,1.4423820614340655e-33,12.410598,E2F8,4.1580367,5.132801213716258e-201,30.426636,NOP16,2.7607698,9.104439392514019e-250,33.90738,CRIM1,5.002828,1.6389569762706708e-64,17.268896,TCTEX1D2,3.13889,1.9801421669675163e-22,10.092776,ITGB2,1.3161329,2.6668891535080304e-71,18.159672,RCAN3,4.0817294,0.10705893139257495,2.7697473,STOM,2.769644,1.1370355923593425e-09,6.886398,SIAH2,2.3077345,5.3516975768253816e-05,5.143734
TDRD3,2.4357095,0.0,44.87163,GPR65,2.6023114,3.9667105696000975e-64,17.207687,SCARB1,1.408057,6.979377613127011e-151,26.366072,MBOAT7,1.209093,3.255376643402598e-188,29.44378,TRGC2,1.8690591,2.7767178635531737e-207,30.898293,EVL,1.8265226,1.461962372207566e-297,37.017166,TTC3,1.9021784,9.090702109628857e-92,20.56876,TCN2,2.2382061,0.0,38.451996,TMSB4X,0.73551077,5.2202234912595435e-173,28.230738,TRIM14,2.043805,2.846245304496471e-13,8.003223,CHPT1,1.6514539,3.306230412228672e-26,10.854876,ACTB,0.6592598,4.587575757586407e-33,12.315673,CSTA,1.6230936,7.044295521620007e-201,30.415861,SNRPA,2.0203042,1.9456363144032626e-246,33.680412,ITGB5,4.8179293,3.566027605718913e-64,17.223324,MT-ND5,3.7507396,2.0825364222268238e-22,10.087287,CCL3L1,2.166762,3.475287674556609e-71,18.144382,CREM,1.6608775,0.11823086927555604,2.7201355,NFE2,3.169907,1.230360825576533e-09,6.873604,SLC40A1,3.895693,5.6336392269620395e-05,5.131152
TNFSF10,2.9710326,0.0,44.529655,LMNA,1.7261685,5.125697811358503e-64,17.19229,JAML,1.2790341,8.635356720300072e-146,25.917742,PIK3CD,1.483005,7.226012105010289e-188,29.416317,TRGJP2,1.8363004,2.40545450801206e-205,30.753315,TIMP2,1.5015448,2.77485010378296e-297,36.999504,BAG3,2.5857053,2.147800420613522e-91,20.52655,LAMP1,1.3539155,0.0,38.365593,CCNB2,3.8321137,1.2342327614818053e-171,28.118195,IRF8,2.3457217,7.783396251724192e-13,7.8752522,MBOAT7,0.8585418,4.355846087985881e-26,10.829305,MYO1G,1.7525395,4.614120035060381e-33,12.314934,CST7,2.2160006,3.186432799225939e-200,30.365877,YWHAH,1.8624624,3.1879477836344147e-245,33.59707,NT5E,5.8133287,7.093066551274431e-64,17.182844,EML4,1.2360439,6.426523773773786e-22,9.972822,ZEB2,1.1728166,2.915306391004649e-70,18.026396,N4BP2L2,1.2736778,0.11943516980175829,2.7144685,PSTPIP2,1.980642,2.6843386705176533e-09,6.7599263,CBFA2T3,4.072017,5.8874247666743544e-05,5.1129837
MYO1D,4.2550154,0.0,44.120747,FOXM1,2.789679,4.018424120487536e-63,17.07142,PDXK,0.9165866,6.524471629936152e-145,25.839277,CCL3,2.3050966,4.160051137877102e-186,29.277973,EIF4E3,2.2258792,2.3513882593590547e-204,30.67878,IGSF6,1.9112436,1.2914598311548617e-293,36.77035,GM2A,1.4355047,2.3702180352261853e-91,20.5213,THBD,2.2890081,0.0,38.203697,AGTRAP,1.5403068,1.2694617414447172e-171,28.116785,PCLAF,2.3833442,8.052393055179004e-13,7.86943,SYTL1,1.877059,5.45463058104043e-26,10.808069,LCP1,0.58523685,9.008952531865786e-33,12.258667,MS4A3,2.2978332,5.36499047215142e-200,30.348362,CLEC5A,2.1059122,9.740531173676674e-240,33.219078,SELENOM,4.149154,7.374596544967667e-64,17.179953,MIDN,1.4540435,1.1793619549453328e-20,9.667713,ZNF267,1.5270078,5.846007033049687e-70,17.98714,TMEM123,1.9981303,0.1323601758034666,2.6642697,RGS6,12.462442,2.7761340824026863e-09,6.753502,LMO2,2.7753737,5.8874247666743544e-05,5.107256
ENPP3,4.620011,0.0,43.996647,PHF19,2.5324361,1.4379672478542876e-62,16.995237,SOD2,1.1503237,5.998363671304277e-144,25.752972,CSF2RA,1.2217754,1.0391789498772167e-185,29.246328,MEGF9,2.0534544,1.1018931181708535e-198,30.249851,ST14,2.1004896,3.004050947219051e-288,36.432636,HM13,1.540067,3.6328232072709956e-90,20.38771,SLC11A1,2.2660465,0.0,38.19217,HJURP,2.8507364,2.776537736649782e-171,28.088566,KIF4A,3.596772,1.3014475289475097e-12,7.8075733,G0S2,1.5376108,1.2360865136960332e-25,10.730741,ARRDC3,1.4457903,5.362160545689516e-31,11.914848,CKAP2L,2.5587869,9.114899075902403e-200,30.330544,CDT1,3.2792695,2.910826371202739e-239,33.185852,MMP14,3.1895475,1.7316343698677892e-63,17.129734,SPI1,0.55148315,3.311919831894166e-20,9.558072,ANXA2,1.6589977,7.085397800756384e-70,17.975756,LCK,12.808247,0.1323601758034666,2.6638339,GNAZ,12.967967,2.788989968288688e-09,6.751297,NEDD4L,4.197796,5.8874247666743544e-05,5.106114
LCP2,1.3112767,0.0,43.960655,NR4A1,2.1036098,4.131880805773725e-62,16.932192,APLP2,1.0683616,7.620946778495291e-144,25.74326,LST1,1.5399503,1.8975709938238426e-185,29.225367,NCF2,1.4137933,1.5467626562130927e-198,30.23827,TMBIM1,1.4097358,1.2800126482825881e-284,36.202343,TRAM1,1.7246392,3.8376342393607304e-90,20.384571,FUCA1,2.0846813,0.0,38.09458,ASF1B,2.5520458,1.2118579103288154e-170,28.03572,ARL6IP1,1.814838,1.4400665839365604e-12,7.7932534,FNDC3B,0.6581989,3.037887816734613e-25,10.645864,ARL4C,2.8279097,9.207658971499358e-31,11.86723,PLAC8,2.3016102,4.054236200464288e-196,30.052252,MCM6,2.6246393,4.699733257995747e-238,33.101444,PLOD2,7.1223216,2.2139849716858432e-63,17.114807,FABP3,1.8642381,5.849862196499233e-20,9.496647,SDC4,1.6668857,8.17329862840092e-70,17.967117,CD7,11.573164,0.1323601758034666,2.6619225,SELP,10.522186,2.8984059272557183e-09,6.744192,CNN3,5.080767,6.148581876390616e-05,5.096036
ZNF331,3.5037222,0.0,43.905907,ZFP36L1,2.4404306,1.090450300179462e-61,16.873953,ACE,1.4215631,1.2733718641932983e-141,25.54311,GRINA,1.0316155,3.34120986042852e-185,29.205637,PSTPIP1,2.0466077,1.5744652957673642e-197,30.161142,KMO,2.283836,4.4300035873616494e-284,36.167713,LGALS1,1.3343138,1.4121513543536236e-89,20.31981,CD68,2.1038122,0.0,37.940567,CHI3L1,1.9556526,1.4443928754467664e-170,28.029068,MACC1,2.8755581,1.896846118368858e-12,7.7553244,RNASE3,2.8634105,8.142944291218585e-25,10.55151,RAB11FIP1,1.4593104,3.880251576572508e-30,11.742175,LMNB2,2.3250751,3.1248077047829716e-195,29.98393,P2RY8,2.8761814,1.3899066891216258e-236,32.99851,PODXL,8.792812,4.716879232660245e-63,17.068874,NPLOC4,1.3632294,9.39745896909736e-20,9.444823,SERPINB8,1.5926737,9.548800622237759e-70,17.957777,DDX5,0.4501115,0.13799901578976778,2.6404111,SLC44A1,2.2849374,3.744139379573866e-09,6.703904,ATP5MC3,1.8912178,6.403719248631101e-05,5.08469
TXNIP,1.7342672,0.0,43.560192,RASSF5,1.4830488,4.5771132174209175e-61,16.78801,ZFYVE16,1.142662,9.468957387716717e-141,25.464142,AQP9,1.7023385,1.3775966807360435e-184,29.156767,ACTG1,1.4027053,4.2277158152715676e-194,29.89776,FDX1,2.0470488,8.302951543160942e-278,35.766094,NUS1,1.4125831,3.046543501000532e-89,20.281582,RBM47,1.8843586,0.0,37.898808,TRGC2,1.7470906,2.3898498113355496e-170,28.010727,BUB1,2.9912372,2.392552464172923e-12,7.7243004,PTPN7,1.5457001,1.374692547247481e-24,10.501271,EGR3,1.8464893,4.989463340521194e-30,11.720428,MCM5,2.3454354,6.062109696555534e-195,29.961485,FDFT1,1.970179,6.003980677664861e-236,32.953907,GAS6,6.248263,7.245605274269566e-63,17.043194,MS4A7,1.7464269,1.0319246553206094e-19,9.434866,OTUD1,2.0700886,2.8306010882939824e-69,17.896648,CD6,8.567548,0.13937039761550316,2.6356997,TRIM58,7.107445,5.584630088818382e-09,6.642288,EPCAM,5.2649317,6.403719248631101e-05,5.084033
JUNB,1.3244939,0.0,43.010727,TUBA1B,1.7862043,6.376068502381356e-61,16.76782,ADAM10,1.0223535,1.2206819405392645e-140,25.453766,EGR2,1.7280524,4.1587218379251e-184,29.11814,ARHGDIB,1.3630062,3.5222449139609033e-193,29.826475,IDH1,1.812926,8.596108207344182e-278,35.764782,TCN2,1.7544469,8.871856426370459e-88,20.113749,B3GNT2,2.042889,0.0,37.86095,SIGLEC5,1.8226444,3.5631666530124345e-170,27.996092,SEPTIN11,1.5848566,2.5914678491587057e-12,7.712628,RNF138,1.696234,1.440322854707564e-24,10.496616,ADAM8,2.5981295,9.89209447315358e-30,11.6606455,CENPP,2.496035,9.298991054557968e-195,29.946861,IGFBP7,2.9514754,8.755008391824729e-236,32.9422,MFAP2,7.818795,1.136615423173617e-62,17.01625,MVD,2.087814,1.551276507262989e-19,9.39051,EREG,2.3211474,2.915958320887039e-69,17.894302,DGKA,3.0077553,0.14132562666334667,2.6292112,ITGB5,4.8518467,5.992731761283806e-09,6.6304197,ZFP36L2,1.8866042,6.403719248631101e-05,5.082828
GALC,2.9571738,0.0,42.683117,LIF,2.5339015,1.2955735338489545e-60,16.725136,PPT1,1.026035,1.6303308779515632e-139,25.35113,IL1B,1.8352952,1.7499061443774399e-183,29.068436,SERPINB10,2.1610894,7.44957651490742e-193,29.801014,CTSL,1.8268858,1.0993825575199305e-276,35.693165,NRBP1,1.3660129,8.898277075568883e-88,20.113167,HMOX1,2.0709183,1.243039765694843e-304,37.451694,MMP8,3.5029473,8.809513557757464e-169,27.881037,NCAPG,2.8902898,3.4101226396266308e-12,7.6760454,RIN3,0.9041268,1.8724955466408108e-24,10.471222,HSH2D,3.1186986,2.0386045039479408e-29,11.596671,CORO1A,1.9168124,1.832999066312005e-190,29.614468,MTHFD1L,3.4075732,1.1534561492202779e-235,32.93357,LAMC1,4.7253814,2.185646896427926e-62,16.977324,THBD,1.5029832,2.3403791374551524e-19,9.346041,IFI30,1.7395419,4.0405854452117687e-69,17.875437,ARHGAP15,1.6193513,0.14429553954201282,2.6174915,ANK1,6.3781834,6.214986462016947e-09,6.623587,PDCD4,2.1842642,6.441801148578096e-05,5.0799017
MFAP3L,5.191392,0.0,42.486103,FAM102A,2.3970723,1.3601073547351834e-60,16.721745,JAKMIP2,1.4998446,1.6303308779515632e-139,25.351068,TLR2,2.2359478,2.396362675257366e-182,28.978004,DACH1,1.981576,1.0532401445128364e-191,29.711731,LAMP1,1.2003939,1.3877898818407777e-276,35.68631,ARF1,1.2866818,2.287669961332057e-87,20.06585,MRC1,2.1626089,2.9390803520537917e-304,37.428402,MIS18BP1,1.8784798,9.373561801551485e-168,27.79582,CKAP2,2.4861152,3.670656539786917e-12,7.665137,GATA1,2.423756,2.103214102513393e-24,10.459967,LGALS8,1.871333,5.976955600160443e-29,11.5019865,FAM107B,1.3409773,3.0852620864654496e-189,29.518738,FAH,1.8403572,4.915390291862461e-234,32.81928,NT5DC2,5.3561416,3.3374094884918937e-62,16.950722,TCF25,1.2088145,6.24752975147115e-19,9.236958,CCR1,1.94758,4.211113219095379e-68,17.743559,MEPCE,1.8489245,0.14465063134829284,2.615731,BEX3,2.742231,9.249177217018584e-09,6.5631413,FXN,3.4093359,6.95207863633681e-05,5.063611
AHNAK,2.0888376,0.0,42.113815,IQGAP2,1.9561647,8.323247526485561e-60,16.612465,REEP3,1.2648199,2.8594120571374297e-138,25.237194,EHD1,1.5270793,4.802010155762688e-182,28.953672,THEMIS2,1.497859,1.0360919847491566e-188,29.477371,WARS,1.7498232,6.458769830929497e-276,35.642895,AKR1B1,1.8625132,2.5838477783154836e-87,20.05937,MMP14,2.3335865,4.151467690033789e-303,37.35732,SHCBP1,2.716052,9.45446724089596e-167,27.712273,CSTB,1.6968623,4.230918353228598e-12,7.645431,FTL,0.36893386,3.1241577602885046e-24,10.421656,CKAP4,1.840065,7.69621174781007e-29,11.479707,JDP2,2.1915808,5.662845383774798e-189,29.497833,TSPAN2,2.025394,4.9543001146843e-233,32.748604,EDIL3,8.529329,1.775603970190983e-61,16.851028,MYO9B,1.4967555,8.38093029950841e-19,9.204297,IFNGR2,1.3397745,6.12540723971505e-68,17.721819,RELB,1.6777424,0.14475511900042162,2.6151776,PARVB,3.5306065,9.809087034298404e-09,6.552933,SSX2IP,4.0226455,7.112926249779069e-05,5.0574765
GMPR,3.8999329,0.0,42.01629,TIMP1,1.7578714,1.844987099095495e-59,16.563683,PSAP,0.80441356,1.342175649166202e-137,25.175549,GPSM3,1.2290138,8.50573967841865e-182,28.933582,LCP1,0.88326734,1.20910816941067e-187,29.39365,SLC47A1,2.0747485,1.734473926978361e-275,35.61486,GOLGA5,2.2286382,3.63785923072279e-87,20.041925,SCPEP1,2.1056309,2.9143153219083287e-302,37.304836,LCN2,3.7521946,1.5626566699659667e-164,27.527208,CD74,2.0898938,5.139457557284561e-12,7.61892,ENTPD7,2.0275705,8.2170677868134e-24,10.3273,FXYD5,0.7249167,1.6327447882058012e-28,11.412736,PGD,1.2241119,6.3676090741043296e-189,29.493519,DEFA4,4.119126,1.3179876485868504e-232,32.71848,ITGA5,2.967976,1.8550625948904396e-61,16.847878,APLP2,1.0293046,1.1550470412509887e-18,9.167624,F3,2.2123046,2.1729486959245947e-67,17.649784,TRIM22,1.8908223,0.1493516982656915,2.5971704,CA2,4.827171,1.0076414509933415e-08,6.547489,MCM7,2.523535,7.277573910243657e-05,5.0496054
LIF,3.3165703,0.0,41.941353,RGS2,2.3146985,2.0017245393606148e-59,16.558298,PNRC1,0.8102297,7.610251360015034e-135,24.922436,PIK3R5,1.5206136,2.560891275196383e-181,28.89515,RBM38,2.5278742,2.953028979390363e-185,29.205536,ADAMTSL4,1.6087615,3.0869490283192436e-275,35.59836,COPG1,1.5536585,5.955003494929102e-84,19.668047,OAS2,2.513675,4.602963184356268e-302,37.29228,AFF2,2.1515794,9.483732293019751e-164,27.461334,MDFIC,2.3112898,5.233057694430372e-12,7.6151624,APOBR,1.0186845,6.63012479062524e-23,10.120751,RUNX2,2.6082542,2.034958821430565e-28,11.392919,SHCBP1,2.8822408,2.9903851203873364e-187,29.362522,GFI1,2.911389,1.5106892114922918e-231,32.643658,ITPR3,6.3994493,2.0516183503733152e-61,16.841364,NUPR1,1.4476588,1.2979282078029779e-18,9.154329,PILRA,1.4697111,6.91110749778767e-67,17.583652,FUBP1,1.6080351,0.15353748594750286,2.5826843,DUSP7,4.4545856,1.2644257889644177e-08,6.5106583,TYMS,2.7834723,7.883815976011877e-05,5.0325637
PDE4A,3.0220945,0.0,41.84401,RGS13,2.6524975,3.556133423276305e-58,16.381422,SLC7A7,1.2591091,2.588069557656547e-134,24.872957,BCL6,2.2785068,1.7748023208236395e-180,28.827799,STXBP5,1.7201496,1.2921894973179506e-184,29.15467,FLNA,1.5773082,5.477634541644073e-274,35.51722,DDHD1,1.5228845,6.891382909880235e-84,19.660229,FAM20C,2.1798265,8.669710951637893e-302,37.274998,NDE1,1.6881635,5.98258030678383e-163,27.393896,EPHX1,1.8669466,5.979245630039423e-12,7.596512,MBOAT1,2.8374572,1.391397559412428e-22,10.046422,SLC44A1,1.667092,8.690429770153408e-28,11.263169,SPN,1.4532064,1.643866378439803e-183,29.067747,SRSF7,2.1776307,3.3621316411261e-231,32.618904,ITGB3,3.1866744,4.815209160445746e-61,16.790257,ZNF316,2.9937477,2.319838928189658e-18,9.089152,DUSP6,1.6721941,9.511928922391433e-67,17.56488,GNG2,2.3398433,0.1549384952713472,2.5767825,HOMER2,5.431651,1.4842021277107237e-08,6.482375,TAL1,4.504192,8.55067664880341e-05,5.015256
GALNT6,3.8482223,0.0,41.759525,RGS1,2.7772186,5.6470511651233634e-58,16.352812,ANXA2,1.2523781,2.0456050258821017e-133,24.789442,PTPRE,1.2131786,1.7394417089774498e-179,28.748257,MGAM,3.3409648,1.627039015994294e-183,29.067095,RHOQ,1.6511973,6.759555986471094e-273,35.446133,CIR1,2.8382401,4.465960695782015e-83,19.56397,RMDN3,2.179586,1.3568715998129002e-300,37.200882,PRC1,3.1381147,1.4800803365428443e-162,27.360483,SMIM30,1.8213886,6.092084664799454e-12,7.5926905,HNRNPLL,1.6812509,4.241765956076209e-22,9.934266,MSN,0.6121445,1.3885557792292057e-27,11.22096,H2AFZ,2.0754797,5.4268161663751115e-183,29.02634,C19orf48,2.9374983,5.0265388507632535e-231,32.60633,FBN1,6.0266724,1.7196642242006636e-60,16.713444,CYP27A1,1.2735054,4.9974010388430776e-18,9.002957,ANXA5,1.310276,2.480716959020865e-66,17.509747,SARAF,1.6282849,0.16240283264347255,2.5528064,CNST,3.3716633,1.730874621744104e-08,6.457467,SLC2A1,3.163402,8.963016900404396e-05,5.0031905
TRIB2,3.5577478,0.0,41.70275,MT2A,2.3551695,2.0164340733037213e-57,16.27417,SLC47A1,1.5228686,7.334215239324724e-130,24.456043,P2RX4,1.2898189,6.806270613833432e-179,28.70047,NADK,1.7246985,3.70409108533481e-183,29.038483,GRINA,1.2221184,8.554507031243889e-272,35.3742,SPSB1,2.5220492,2.6104807533232747e-81,19.353863,SOAT1,1.9870571,2.5330303943758054e-298,37.05984,CIT,3.2816622,1.341490135735619e-161,27.279541,UCP2,1.4839449,6.841045720747889e-12,7.5762687,PIM2,2.1586702,7.237367982066906e-22,9.879844,ZFP36L2,1.3596493,2.311905306667042e-27,11.174318,PRTN3,2.6469083,8.401554162673693e-182,28.931578,TCERG1,1.8054025,5.763822798686767e-230,32.531242,SERPINH1,5.8391066,1.621466431675082e-59,16.57805,TNS3,2.1031983,7.428304174702075e-18,8.957425,DPYSL2,1.571789,3.125585465876995e-66,17.495945,RORA,6.2664075,0.16794623594915084,2.536845,VCL,4.0296474,1.730874621744104e-08,6.4556975,FBL,2.4838865,9.446250185302443e-05,4.989263
AKAP13,1.8592275,0.0,41.358063,ST3GAL4,2.2526116,3.503876054605499e-57,16.239857,ACSL3,1.2331237,3.349544597664807e-129,24.393581,F3,2.5290287,7.849490843471403e-178,28.61456,EMB,1.8124003,2.0862111493090547e-182,28.978642,ACP5,1.9095873,2.5220551673140803e-271,35.343334,SQSTM1,1.1136376,3.1694037730383317e-81,19.34347,A2M,3.6798825,7.724944731612646e-296,36.90498,CCNB1,4.1085467,2.541954611041798e-159,27.086508,LIPA,1.8178724,7.208255813518745e-12,7.567544,ACSM3,3.5309265,2.034800137807372e-21,9.772968,RNF125,3.1182017,2.880252048001869e-26,10.941932,NCAPD3,2.4070902,4.2023289217287567e-181,28.875614,LYST,2.03863,4.3574586857029214e-229,32.468807,COX7A1,7.7497606,2.0608448838233144e-59,16.563099,STK10,1.6253637,1.3739556664301628e-17,8.886628,FTL,0.8586884,9.856098161316881e-66,17.429754,IL2RG,1.3360913,0.17294985520553305,2.5177646,MEIS1,8.906417,1.8020978819035748e-08,6.4476266,IDH2,1.8003459,9.446250185302443e-05,4.988903
MT2A,3.0093615,0.0,41.206802,RAPGEF2,2.020992,3.5557723118871054e-57,16.238506,TMEM33,0.98901904,3.427357041516261e-127,24.203053,S100P,1.6714424,7.147207973873592e-175,28.37538,TRIB1,1.5363262,3.044276213049638e-182,28.96529,TCN2,1.9589807,4.757824517935292e-271,35.325077,IRF8,2.3046994,3.4620330140889207e-81,19.338528,SNX2,1.8908103,1.6832302921869342e-295,36.883583,PFN1,0.995022,7.529415919514024e-158,26.960566,USP1,2.0909083,7.208255813518745e-12,7.5667434,HSH2D,2.0587354,2.1081036773364993e-21,9.7690735,IL9R,2.841576,3.3510721885775e-26,10.927604,ATP8B4,1.9047899,4.994172561650054e-181,28.869312,SERPINB10,2.2433672,3.4586514099754664e-228,32.404503,LAMA4,9.483818,2.503607900572096e-59,16.550856,CHST11,1.3843316,1.515271401950458e-17,8.875338,CDKN1A,1.6252974,1.3989760517535316e-65,17.40908,DDX6,1.649836,0.17557704739910224,2.5104544,CR1L,8.16806,1.9092164570146522e-08,6.437541,SPN,1.5472089,9.446250185302443e-05,4.9859924
SOCS1,2.9123404,0.0,41.120674,SLC7A5,1.9569621,1.2512763267641723e-56,16.160238,NCF2,0.9094869,1.385878041953761e-125,24.04959,LCP1,0.76257414,3.2014416464867984e-174,28.32221,ARHGAP30,1.4746318,8.78254193564231e-180,28.768019,RAB10,1.2401606,4.3576171321085096e-268,35.131332,UBXN6,1.5586699,6.591423994735747e-81,19.304903,MGST3,1.7980067,9.719067639883926e-295,36.835754,ARHGDIB,1.3398411,2.796235942275606e-157,26.911564,CALM2,1.4605199,7.884414754580317e-12,7.5537333,PSTPIP2,0.92874455,8.465172482859371e-21,9.623889,SELPLG,1.1696061,8.011382040436734e-26,10.846633,EZH2,2.5291982,6.838295647578521e-180,28.777979,DDX21,1.7326156,5.934474255348619e-228,32.387604,C12orf75,5.802622,7.846626403695842e-59,16.481415,PLPP3,1.1959101,1.7649861917321196e-17,8.857809,KCTD12,1.797299,6.1266104932076e-65,17.323689,IL2RB,5.2710896,0.17557704739910224,2.5103874,SEPTIN5,3.4716127,2.0636077422819155e-08,6.4244065,ST8SIA6,4.669498,9.538984639883424e-05,4.9824715
ITK,5.123629,0.0,41.037838,NSMCE1,1.8957571,1.8164959411902118e-56,16.136362,CTSB,1.0584886,1.355594919027732e-124,23.954365,TNFRSF14,1.9521666,5.0793587946269044e-174,28.305592,TMEM45B,2.2829885,9.18787009362656e-180,28.76614,TXNRD1,1.4827294,3.526081739100786e-267,35.07151,GDF15,2.4158614,2.2872825477141015e-80,19.239752,SAMD4A,2.8915315,1.5362954140626064e-293,36.760498,DYSF,1.6244807,6.188273796234069e-157,26.881716,HSPB1,1.5456787,8.831945823737297e-12,7.5362835,BIRC3,1.9413674,8.026507383619204e-20,9.38473,JUND,0.7427176,1.6526593594294872e-25,10.778665,MGST1,1.6564317,1.1308156281668514e-178,28.680117,CEBPE,2.4164042,1.7771868173921873e-227,32.353508,MAGED1,3.6446595,1.0737460597626068e-58,16.461918,UBXN11,2.1925461,2.3649029844422068e-17,8.823397,CTSS,1.4972198,1.3144374081718898e-64,17.27909,PDE3B,2.6448324,0.17900644197613988,2.5004282,NFIB,7.0885725,2.1922998669575478e-08,6.4125924,SLC38A5,3.74199,9.944795299928533e-05,4.9727845
GPR34,3.5487466,0.0,41.003494,SRGN,1.0058459,2.7942164510456066e-56,16.108452,HEXB,1.0323235,1.6373831077039232e-124,23.946117,TRIM25,1.3088897,3.1608718111785802e-173,28.240673,AGTPBP1,1.6349627,1.3719745111948688e-175,28.429543,NUS1,1.5036923,2.196185627329609e-266,35.01906,IFNAR1,1.5893397,2.5310165723883992e-80,19.234121,TYMP,1.7999723,6.181579054558846e-293,36.722343,TRGJP2,1.6861193,7.13877614138432e-154,26.618153,NUPR1,1.9886223,1.0710755610134681e-11,7.5097632,CD69,0.99636734,1.27245640654316e-19,9.335009,IKZF1,1.4844064,2.091146133284722e-25,10.756221,PDE4D,1.8088121,1.9687200761101027e-177,28.580126,HHEX,2.7312593,1.2438711119943548e-226,32.29312,IFITM3,3.779267,1.2910185906613087e-58,16.450241,TGM2,1.5290039,3.6554452335758965e-17,8.773465,NFKB1,1.5258416,5.1626608645807685e-64,17.19938,ATM,2.536155,0.18308485339609207,2.4896977,MPP1,1.7447062,2.631300021128553e-08,6.382145,PCCB,3.4854085,0.00010262866883253542,4.96507
S100A4,2.045884,0.0,40.97565,NR4A2,2.0109496,2.689595161709586e-54,15.821366,FCER1G,0.7510739,2.692203268118881e-123,23.828741,SELPLG,1.1735787,3.402705621483962e-173,28.237734,EBP,1.6266779,2.4026815761606237e-175,28.409546,SCPEP1,1.9685366,2.6373306456915976e-266,35.013535,ADA2,2.000009,5.785496065475668e-80,19.190828,CTSC,1.4768593,8.478129776093478e-290,36.524963,SEPTIN5,2.1763597,7.370986779820997e-154,26.616598,TOP2A,2.87406,1.2706454305534049e-11,7.484762,HRH4,1.7956744,2.2615730286156076e-19,9.271911,LPCAT2,1.1572688,8.373678584608036e-25,10.623192,VRK1,2.1515098,3.5146508472687668e-177,28.559546,MCM4,2.7297618,1.3795366618072577e-226,32.289677,COL18A1,6.5013223,1.4535387749825178e-58,16.442541,HK3,1.4177108,6.170307995481237e-17,8.711216,AQP9,1.5958527,5.182080305794742e-64,17.198551,P2RY10,4.7994947,0.18352958218894705,2.4881887,RAB4A,2.6343026,2.7025444402506633e-08,6.3767824,HLTF,3.1328428,0.00010298428094177283,4.9628005
ADRB2,3.2749686,0.0,40.728565,FOXP1,1.8628697,5.856837304213657e-54,15.771875,FCGR2B,1.9764919,3.3085354349682655e-122,23.723042,JUN,1.2221407,5.2204311645057834e-173,28.222261,NFE2,2.3144217,7.115151392695903e-175,28.371052,PNPLA6,1.6007464,1.7982807257630213e-263,34.82654,RDX,1.8846012,3.158040660328892e-78,18.980707,LYZ,2.320764,1.2949843554541792e-289,36.513084,APMAP,1.4445963,1.2243594523151237e-151,26.423046,DLGAP5,3.47784,1.5760987617142863e-11,7.4551306,KLF10,0.89287966,4.371328309716681e-19,9.199325,PTGER3,4.725266,3.607915236176225e-24,10.482322,LRG1,2.0306363,1.8769792596366963e-176,28.50058,EIF3B,1.8174225,5.751899489988045e-225,32.173573,SGCB,7.45512,5.4823485470587804e-58,16.36088,MMP19,3.0398326,9.207579606129052e-17,8.66305,PIK3R5,1.3973315,5.499230507508986e-64,17.1945,FOXO1,3.7154636,0.1940056070416875,2.4624858,HEXIM1,3.2480183,3.1425637126852e-08,6.3523645,TPGS2,2.8970842,0.00010918776526633275,4.9498434
LGALS8,2.052661,0.0,40.169407,LGALS8,1.7499106,7.493060214554008e-54,15.755889,GDF15,2.18011,4.4330472442116556e-122,23.71036,CTSC,1.022919,1.9534851706931984e-171,28.093456,MYL6,1.3444741,1.7998079121683616e-174,28.338062,CTSC,1.3201643,2.6452177058318893e-263,34.815174,SLC35F6,1.9346516,1.1290074618483328e-77,18.913282,TM4SF19,2.720218,1.7249327953091276e-288,36.44187,BEX1,2.191072,6.47237364895317e-150,26.272327,SCARB2,1.7212628,1.5839443324734063e-11,7.453202,VAMP1,2.0827463,6.266484420985676e-19,9.159246,CD200R1,4.5134096,3.253640271617485e-23,10.265015,S100P,1.8982791,2.1986348751782116e-175,28.413898,PDIA5,3.1920166,3.2832519833168866e-224,32.119198,ENAH,6.188583,7.97268574497289e-58,16.337553,COL6A1,3.4774172,1.6632320414346947e-16,8.592518,PLBD2,1.5008076,6.391781800908471e-64,17.185179,GPR132,2.269082,0.19413601770578237,2.461966,ELF1,1.8454818,3.7150152610243193e-08,6.323115,HSP90AB1,1.9895029,0.00011906673461946715,4.9313774
TIPARP,1.969423,0.0,39.944286,ZWINT,2.6233835,1.1724901164186732e-53,15.726727,WARS,1.2143861,6.596861196407125e-122,23.693253,SDCBP,1.0588782,5.04582967290928e-170,27.977299,STEAP4,2.4961758,2.966670278394899e-173,28.238527,EMILIN2,1.4344233,1.440550613236968e-261,34.699966,LY96,1.4834064,2.130724789722527e-77,18.879395,SCARB1,1.9322058,1.826166694336202e-286,36.313526,CSTA,1.4019759,1.4502857484372366e-149,26.241304,PLBD1,3.3885603,1.652019189820225e-11,7.4463873,LGALS12,2.6121686,6.518060562088655e-19,9.154711,ITGB7,3.8275225,1.1167168606943856e-22,10.142397,NCAPH2,1.9712557,9.688917409222845e-175,28.361404,HDGF,1.8680178,1.5278031012120904e-221,31.927328,CCN2,7.6816125,4.124491119384698e-57,16.236044,ZBTB7A,1.4065818,3.5160243781544875e-16,8.501923,P2RX4,1.2347718,9.080553654696476e-64,17.16421,ACTB,0.51502794,0.196885432724986,2.4541361,TSPAN33,6.4616675,4.0455882458797564e-08,6.3084154,MICAL2,3.1134782,0.00012274591534069067,4.9223013
SLC44A1,1.982936,0.0,39.619957,RAD21,2.2660272,2.2637388415780783e-53,15.684181,OLR1,1.1339139,6.870309973027087e-122,23.69118,GABARAP,1.1374933,5.655601304074877e-170,27.972904,TRIB3,1.7591995,1.0543942581346997e-172,28.193348,RETREG1,2.4850407,5.030687297754695e-260,34.597218,TMEM33,1.1847197,1.8046910400713793e-76,18.764479,OPN3,2.240235,2.1836069338381196e-283,36.117718,AURKB,3.0768409,1.7953624723139615e-149,26.232841,SNX2,1.6750342,1.8040594416481555e-11,7.433505,RFLNB,0.9242366,1.117836856419324e-18,9.094294,PAG1,1.9057411,1.9842366051077151e-22,10.083925,CCNE2,3.643985,1.140695852982889e-174,28.355345,GYPC,2.7612932,1.1204750492724221e-219,31.792412,ANXA2,2.35171,4.124491119384698e-57,16.236017,SRC,2.2815955,3.9578240157839225e-16,8.487691,SPHK1,2.5200565,2.4857792407585355e-63,17.105045,PIK3R1,2.2892747,0.1970318934413086,2.4533145,PBX1,3.8301935,5.2911909229629605e-08,6.2655005,SRSF3,1.4501328,0.0001229097977638293,4.9195313
TESPA1,4.8101344,0.0,39.591778,MELK,3.3056161,6.019014012845454e-53,15.620335,CD44,0.8274401,1.408096443156128e-121,23.660564,CH25H,2.5415947,1.9739740948312227e-169,27.927917,LTB,2.9421139,1.322118443917643e-171,28.103039,SERPINA1,1.6419214,6.455387834337563e-259,34.523148,CREG1,0.90610296,1.8046910400713793e-76,18.76438,LGALS1,1.6510812,6.554473116781211e-283,36.087017,H1FX,1.5338488,2.1644883508549045e-149,26.225388,MTHFD1,1.7721353,2.554132181924157e-11,7.384913,GRAMD1B,2.1710355,2.062888793052123e-18,9.025076,SKI,1.3582408,4.694978481365838e-22,9.995535,FBXO5,3.3931773,2.5169925843942804e-173,28.245846,FUT4,2.9318676,2.0732662385398717e-217,31.62747,NTN4,9.194309,4.959540345131954e-57,16.224203,PSAP,0.6951845,4.712976416939559e-16,8.466524,CTSC,1.1261963,3.110905457974662e-63,17.091383,SERPINB9,2.4858599,0.21368976557713348,2.4154055,LRRC32,5.9966283,5.399018401668971e-08,6.25992,TFRC,1.9195379,0.0001229097977638293,4.917622
