l1 labels,source label,positive gene marker,positive protein marker,negative gene marker,negative protein marker,source,link,notes
MSC,,"ENG, NT5E, THY1","CD105, CD73, CD90",,,"Muntión S, Sánchez-Luis E, Díez-Campelo M, Blanco JF, Sánchez-Guijo F, De Las Rivas J. Novel Gene Biomarkers Specific to Human Mesenchymal Stem Cells Isolated from Bone Marrow. Int J Mol Sci. 2024 Nov 6;25(22):11906. doi: 10.3390/ijms252211906. PMID: 39595975; PMCID: PMC11593895.",https://pmc.ncbi.nlm.nih.gov/articles/PMC11593895/,
MSC,,"HLA-DRA, HLA-DRB, CD74, TFPI2, SERPINI1",,,,"Ishii M, Koike C, Igarashi A, Yamanaka K, Pan H, Higashi Y, Kawaguchi H, Sugiyama M, Kamata N, Iwata T, Matsubara T, Nakamura K, Kurihara H, Tsuji K, Kato Y. Molecular markers distinguish bone marrow mesenchymal stem cells from fibroblasts. Biochem Biophys Res Commun. 2005 Jun 24;332(1):297-303. doi: 10.1016/j.bbrc.2005.04.118. PMID: 15896330.",https://pubmed.ncbi.nlm.nih.gov/15896330/,
MSC,,"ITGB1, CD44, NT5E, THY1, ENG","CD29, CD44, CD73, CD90, CD105","CD34, PTPRC","CD34, CD45","Lei Q, Liu T, Gao F, Xie H, Sun L, Zhao A, Ren W, Guo H, Zhang L, Wang H, Chen Z, Guo AY, Li Q. Microvesicles as Potential Biomarkers for the Identification of Senescence in Human Mesenchymal Stem Cells. Theranostics. 2017 Jul 6;7(10):2673-2689. doi: 10.7150/thno.18915. PMID: 28819455; PMCID: PMC5558561.",https://pmc.ncbi.nlm.nih.gov/articles/PMC5558561/,
MSC,,MMP1,,,,"Wu Y, Tang Y, Zhang X, Chu Z, Liu Y, Tang C. MMP-1 promotes osteogenic differentiation of human bone marrow mesenchymal stem cells via the JNK and ERK pathway. Int J Biochem Cell Biol. 2020 Dec;129:105880. doi: 10.1016/j.biocel.2020.105880. Epub 2020 Nov 4. PMID: 33157237.",https://pubmed.ncbi.nlm.nih.gov/33157237/,
MSC,,"MME, NT5E, PDGFRB, MCAM, GD2, NGFR","CD10, CD73, CD140b, CD146, GD2, CD271",,,"Rasini V, Dominici M, Kluba T, Siegel G, Lusenti G, Northoff H, Horwitz EM, Schäfer R. Mesenchymal stromal/stem cells markers in the human bone marrow. Cytotherapy. 2013 Mar;15(3):292-306. doi: 10.1016/j.jcyt.2012.11.009. Epub 2013 Jan 9. PMID: 23312449.",https://pubmed.ncbi.nlm.nih.gov/23312449/,
MSC,,"MARCKS, CXCL12, PDGFRA, LEPR",,,,"Fiévet L, Espagnolle N, Gerovska D, Bernard D, Syrykh C, Laurent C, Layrolle P, De Lima J, Justo A, Reina N, Casteilla L, Araúzo-Bravo MJ, Naji A, Pagès JC, Deschaseaux F. Single-cell RNA sequencing of human non-hematopoietic bone marrow cells reveals a unique set of inter-species conserved biomarkers for native mesenchymal stromal cells. Stem Cell Res Ther. 2023 Aug 30;14(1):229. doi: 10.1186/s13287-023-03437-x. PMID: 37649081; PMCID: PMC10469496.",https://pmc.ncbi.nlm.nih.gov/articles/PMC10469496/,
MSC,,"SERPINE1, SERPINE2, NT5DC2, MMP10, TFPI, GDF15, FGD1, MARCKSL1, HOXD1, HOXD8, LOX, HOXD1, SOX4, FOXC1, MEOX2, HOXA9, LOXL2, QSOX2, FOXO1, FOXC2, COX7A1",,ALOX5,,indepedent,,"- HOXA genes shows weak positive assocaition with BMSC cluster
- HOXC genes shows weak positive assocaition with BMSC cluster
- ALOX genes show strong negative association with BMSC cluster"
Hematopoietic Stem Cell (HSC),,"CD34, PROM1, CRHBP, AVP, MLLT3, FAM30A, GATA1",,,,"Li H, Bräunig S, Dhapolar P, Karlsson G, Lang S, Scheding S. Identification of phenotypically, functionally, and anatomically distinct stromal niche populations in human bone marrow based on single-cell RNA sequencing. Elife. 2023 Mar 6;12:e81656. doi: 10.7554/eLife.81656. PMID: 36876630; PMCID: PMC10097421.",https://pmc.ncbi.nlm.nih.gov/articles/PMC10097421/,
Granulocyte-Monocyte Progenitor (GMP),,"KIT, CD34, CD115",,LY6A ,,"Yáñez A, Coetzee SG, Olsson A, Muench DE, Berman BP, Hazelett DJ, Salomonis N, Grimes HL, Goodridge HS. Granulocyte-Monocyte Progenitors and Monocyte-Dendritic Cell Progenitors Independently Produce Functionally Distinct Monocytes. Immunity. 2017 Nov 21;47(5):890-902.e4. doi: 10.1016/j.immuni.2017.10.021. PMID: 29166589; PMCID: PMC5726802.",https://pmc.ncbi.nlm.nih.gov/articles/PMC5726802/,"Author only list ""Fc gamma Receptor"" as one of the positive GMP markers, but this is a family of proteins not a single protein."
Granulocyte-Monocyte Progenitor (GMP),,"CD2, CD3D, CD3E, CD3G, CD247, CD19, CD14, FCGR3A, CD68","CD2, CD3, CD19, CD14, FCGR3A, CD68",,,"Jarczak J, Thetchinamoorthy K, Wierzbicka D, Bujko K, Ratajczak MZ, Kucia M. Expression of innate immunity genes in human hematopoietic stem/progenitor cells - single cell RNA-seq analysis. Front Immunol. 2025 Apr 8;16:1515856. doi: 10.3389/fimmu.2025.1515856. PMID: 40264766; PMCID: PMC12011761.",https://pmc.ncbi.nlm.nih.gov/articles/PMC12011761/,
Granulocyte-Monocyte Progenitor (GMP),,LY6E,,LY6E,,indepedent,,
,Granulocyte ,"CEBPA, SPI1, RARA, RUNX1, CBFB, MYB, CEBPE, SP1, CUX1, HOXA10, ELANE, MPO, LCN2",,,,Friedman AD. Transcriptional regulation of granulocyte and monocyte development. Oncogene. 2002 May 13;21(21):3377-90. doi: 10.1038/sj.onc.1205324. PMID: 12032776.,https://pubmed.ncbi.nlm.nih.gov/12032776/,
,Monocyte,"MAFB, JUN, EGR1, SPI1, SP1, IRF8, CSF1R",,,,Friedman AD. Transcriptional regulation of granulocyte and monocyte development. Oncogene. 2002 May 13;21(21):3377-90. doi: 10.1038/sj.onc.1205324. PMID: 12032776.,https://pubmed.ncbi.nlm.nih.gov/12032776/,
,Resident Macrophages,"LYVE1, F13A1, FOLR2",,,,"Vallejo J, Cochain C, Zernecke A, Ley K. Heterogeneity of immune cells in human atherosclerosis revealed by scRNA-Seq. Cardiovasc Res. 2021 Nov 22;117(13):2537-2543. doi: 10.1093/cvr/cvab260. PMID: 34343272; PMCID: PMC8921647.",https://pmc.ncbi.nlm.nih.gov/articles/PMC8921647/,
,Inflammatory Macrophages,"TNF, IL1B",,,,"Vallejo J, Cochain C, Zernecke A, Ley K. Heterogeneity of immune cells in human atherosclerosis revealed by scRNA-Seq. Cardiovasc Res. 2021 Nov 22;117(13):2537-2543. doi: 10.1093/cvr/cvab260. PMID: 34343272; PMCID: PMC8921647.",https://pmc.ncbi.nlm.nih.gov/articles/PMC8921647/,
,Foamy Macrophages,"TREM2, SPP1, GPNMB, APOC1, FABP5",,,,"Vallejo J, Cochain C, Zernecke A, Ley K. Heterogeneity of immune cells in human atherosclerosis revealed by scRNA-Seq. Cardiovasc Res. 2021 Nov 22;117(13):2537-2543. doi: 10.1093/cvr/cvab260. PMID: 34343272; PMCID: PMC8921647.",https://pmc.ncbi.nlm.nih.gov/articles/PMC8921647/,
,IFNIC Macrophages,"ISG15, MX1",,,,"Vallejo J, Cochain C, Zernecke A, Ley K. Heterogeneity of immune cells in human atherosclerosis revealed by scRNA-Seq. Cardiovasc Res. 2021 Nov 22;117(13):2537-2543. doi: 10.1093/cvr/cvab260. PMID: 34343272; PMCID: PMC8921647.",https://pmc.ncbi.nlm.nih.gov/articles/PMC8921647/,
,Monocytes,"FCN1, S100A12, S100A8, S100A9, VCAN, CD52",,,,"Vallejo J, Cochain C, Zernecke A, Ley K. Heterogeneity of immune cells in human atherosclerosis revealed by scRNA-Seq. Cardiovasc Res. 2021 Nov 22;117(13):2537-2543. doi: 10.1093/cvr/cvab260. PMID: 34343272; PMCID: PMC8921647.",https://pmc.ncbi.nlm.nih.gov/articles/PMC8921647/,
,conventional Dendritic Cell Type 1 (cDC1),"CLEC9A, IRF8",,,,"Vallejo J, Cochain C, Zernecke A, Ley K. Heterogeneity of immune cells in human atherosclerosis revealed by scRNA-Seq. Cardiovasc Res. 2021 Nov 22;117(13):2537-2543. doi: 10.1093/cvr/cvab260. PMID: 34343272; PMCID: PMC8921647.",https://pmc.ncbi.nlm.nih.gov/articles/PMC8921647/,
,conventional Dendritic Cell Type 2 (cDC2),"CLEC10A, FCER1A, CD1C",,,,"Vallejo J, Cochain C, Zernecke A, Ley K. Heterogeneity of immune cells in human atherosclerosis revealed by scRNA-Seq. Cardiovasc Res. 2021 Nov 22;117(13):2537-2543. doi: 10.1093/cvr/cvab260. PMID: 34343272; PMCID: PMC8921647.",https://pmc.ncbi.nlm.nih.gov/articles/PMC8921647/,
,Mature DC,"FSCN1, CCR7",,,,"Vallejo J, Cochain C, Zernecke A, Ley K. Heterogeneity of immune cells in human atherosclerosis revealed by scRNA-Seq. Cardiovasc Res. 2021 Nov 22;117(13):2537-2543. doi: 10.1093/cvr/cvab260. PMID: 34343272; PMCID: PMC8921647.",https://pmc.ncbi.nlm.nih.gov/articles/PMC8921647/,
,Naive T cells,"SELL, IL7R, CCR7, LEF1",,,,"Vallejo J, Cochain C, Zernecke A, Ley K. Heterogeneity of immune cells in human atherosclerosis revealed by scRNA-Seq. Cardiovasc Res. 2021 Nov 22;117(13):2537-2543. doi: 10.1093/cvr/cvab260. PMID: 34343272; PMCID: PMC8921647.",https://pmc.ncbi.nlm.nih.gov/articles/PMC8921647/,
,Cytotoxic T cells,"GZMA, GZMK, PRF1",,,,"Vallejo J, Cochain C, Zernecke A, Ley K. Heterogeneity of immune cells in human atherosclerosis revealed by scRNA-Seq. Cardiovasc Res. 2021 Nov 22;117(13):2537-2543. doi: 10.1093/cvr/cvab260. PMID: 34343272; PMCID: PMC8921647.",https://pmc.ncbi.nlm.nih.gov/articles/PMC8921647/,
,Regulatory T cells,"FOXP3 , CTLA4, IL2RA, LGALS3",,,,"Vallejo J, Cochain C, Zernecke A, Ley K. Heterogeneity of immune cells in human atherosclerosis revealed by scRNA-Seq. Cardiovasc Res. 2021 Nov 22;117(13):2537-2543. doi: 10.1093/cvr/cvab260. PMID: 34343272; PMCID: PMC8921647.",https://pmc.ncbi.nlm.nih.gov/articles/PMC8921647/,
,Memory T cells,"IL32, TNFRSF10, SELPLG",,,,"Vallejo J, Cochain C, Zernecke A, Ley K. Heterogeneity of immune cells in human atherosclerosis revealed by scRNA-Seq. Cardiovasc Res. 2021 Nov 22;117(13):2537-2543. doi: 10.1093/cvr/cvab260. PMID: 34343272; PMCID: PMC8921647.",https://pmc.ncbi.nlm.nih.gov/articles/PMC8921647/,
,Naive B cells,"IGHM, IGHD",,,,"Vallejo J, Cochain C, Zernecke A, Ley K. Heterogeneity of immune cells in human atherosclerosis revealed by scRNA-Seq. Cardiovasc Res. 2021 Nov 22;117(13):2537-2543. doi: 10.1093/cvr/cvab260. PMID: 34343272; PMCID: PMC8921647.",https://pmc.ncbi.nlm.nih.gov/articles/PMC8921647/,
,Memory B cells,"CD27, CD86, CD74, CTSA",,,,"Vallejo J, Cochain C, Zernecke A, Ley K. Heterogeneity of immune cells in human atherosclerosis revealed by scRNA-Seq. Cardiovasc Res. 2021 Nov 22;117(13):2537-2543. doi: 10.1093/cvr/cvab260. PMID: 34343272; PMCID: PMC8921647.",https://pmc.ncbi.nlm.nih.gov/articles/PMC8921647/,
,Immature NK cells,"INFGR1, KLRB1",,,,"Vallejo J, Cochain C, Zernecke A, Ley K. Heterogeneity of immune cells in human atherosclerosis revealed by scRNA-Seq. Cardiovasc Res. 2021 Nov 22;117(13):2537-2543. doi: 10.1093/cvr/cvab260. PMID: 34343272; PMCID: PMC8921647.",https://pmc.ncbi.nlm.nih.gov/articles/PMC8921647/,
,Mature NK cells,"SELPLG, FCER1G, PRF1, IL18RAP",,,,"Vallejo J, Cochain C, Zernecke A, Ley K. Heterogeneity of immune cells in human atherosclerosis revealed by scRNA-Seq. Cardiovasc Res. 2021 Nov 22;117(13):2537-2543. doi: 10.1093/cvr/cvab260. PMID: 34343272; PMCID: PMC8921647.",https://pmc.ncbi.nlm.nih.gov/articles/PMC8921647/,
Hematopoietic Stem Cell (HSC),Hematopoietic Stem Cell (HSC),"AVP, AJ009632.2, CRHBP, HLF, MLLT3",,,,"Vallejo J, Cochain C, Zernecke A, Ley K. Heterogeneity of immune cells in human atherosclerosis revealed by scRNA-Seq. Cardiovasc Res. 2021 Nov 22;117(13):2537-2543. doi: 10.1093/cvr/cvab260. PMID: 34343272; PMCID: PMC8921647.",https://pmc.ncbi.nlm.nih.gov/articles/PMC8921647/,
Multipotent Progenitor (MPP),Multipotent Progenitor (MPP),"KLF, VIM, MYADM",,,,"Dong G, Xu X, Li Y, Ouyang W, Zhao W, Gu Y, Li J, Liu T, Zeng X, Zou H, Wang S, Chen Y, Liu S, Sun HX, Liu C. Stemness-related genes revealed by single-cell profiling of naïve and stimulated human CD34+ cells from CB and mPB. Clin Transl Med. 2023 Jan;13(1):e1175. doi: 10.1002/ctm2.1175. PMID: 36683248; PMCID: PMC9868212.",https://pmc.ncbi.nlm.nih.gov/articles/PMC9868212/,
Common Myeloid Progenitor (CMP),Megakaryocyte-Erythroid-Myeloid Progenitor (MEMP),"TUBB, DUT, TUBA1B",,,,"Dong G, Xu X, Li Y, Ouyang W, Zhao W, Gu Y, Li J, Liu T, Zeng X, Zou H, Wang S, Chen Y, Liu S, Sun HX, Liu C. Stemness-related genes revealed by single-cell profiling of naïve and stimulated human CD34+ cells from CB and mPB. Clin Transl Med. 2023 Jan;13(1):e1175. doi: 10.1002/ctm2.1175. PMID: 36683248; PMCID: PMC9868212.",https://pmc.ncbi.nlm.nih.gov/articles/PMC9868212/,
Lymphoid-primed Multipotent Progenitor (LMPP),Lymphoid-primed Multipotent Progenitor (LMPP),"ZBTB16, RHEX
",,,,"Dong G, Xu X, Li Y, Ouyang W, Zhao W, Gu Y, Li J, Liu T, Zeng X, Zou H, Wang S, Chen Y, Liu S, Sun HX, Liu C. Stemness-related genes revealed by single-cell profiling of naïve and stimulated human CD34+ cells from CB and mPB. Clin Transl Med. 2023 Jan;13(1):e1175. doi: 10.1002/ctm2.1175. PMID: 36683248; PMCID: PMC9868212.",https://pmc.ncbi.nlm.nih.gov/articles/PMC9868212/,
Multilymphoid Progenitor (MLP),Multilymphoid Progenitor 1 (MLP-1),"IFITM1, IFITM12",,,,"Dong G, Xu X, Li Y, Ouyang W, Zhao W, Gu Y, Li J, Liu T, Zeng X, Zou H, Wang S, Chen Y, Liu S, Sun HX, Liu C. Stemness-related genes revealed by single-cell profiling of naïve and stimulated human CD34+ cells from CB and mPB. Clin Transl Med. 2023 Jan;13(1):e1175. doi: 10.1002/ctm2.1175. PMID: 36683248; PMCID: PMC9868212.",https://pmc.ncbi.nlm.nih.gov/articles/PMC9868212/,
Multilymphoid Progenitor (MLP),Multilymphoid Progenitor 2 (MLP-2),"MZB1, FAM30A, GIMAP5
",,,,"Dong G, Xu X, Li Y, Ouyang W, Zhao W, Gu Y, Li J, Liu T, Zeng X, Zou H, Wang S, Chen Y, Liu S, Sun HX, Liu C. Stemness-related genes revealed by single-cell profiling of naïve and stimulated human CD34+ cells from CB and mPB. Clin Transl Med. 2023 Jan;13(1):e1175. doi: 10.1002/ctm2.1175. PMID: 36683248; PMCID: PMC9868212.",https://pmc.ncbi.nlm.nih.gov/articles/PMC9868212/,
Multilymphoid Progenitor (MLP),Common Myeloid Progenitor (CMP),"CENPF, MKI67
",,,,"Dong G, Xu X, Li Y, Ouyang W, Zhao W, Gu Y, Li J, Liu T, Zeng X, Zou H, Wang S, Chen Y, Liu S, Sun HX, Liu C. Stemness-related genes revealed by single-cell profiling of naïve and stimulated human CD34+ cells from CB and mPB. Clin Transl Med. 2023 Jan;13(1):e1175. doi: 10.1002/ctm2.1175. PMID: 36683248; PMCID: PMC9868212.",https://pmc.ncbi.nlm.nih.gov/articles/PMC9868212/,
Granulocyte-Monocyte Progenitor (GMP),Granulocyte-Monocyte Progenitor (GMP),"MPO, LYZ",,,,"Dong G, Xu X, Li Y, Ouyang W, Zhao W, Gu Y, Li J, Liu T, Zeng X, Zou H, Wang S, Chen Y, Liu S, Sun HX, Liu C. Stemness-related genes revealed by single-cell profiling of naïve and stimulated human CD34+ cells from CB and mPB. Clin Transl Med. 2023 Jan;13(1):e1175. doi: 10.1002/ctm2.1175. PMID: 36683248; PMCID: PMC9868212.",https://pmc.ncbi.nlm.nih.gov/articles/PMC9868212/,
Megakaryocyte-Erythrocyte Progenitor (MEP),Megakaryocyte-Erythrocyte Progenitor 1 (MEP-1),"HBD, PLEK",,,,"Dong G, Xu X, Li Y, Ouyang W, Zhao W, Gu Y, Li J, Liu T, Zeng X, Zou H, Wang S, Chen Y, Liu S, Sun HX, Liu C. Stemness-related genes revealed by single-cell profiling of naïve and stimulated human CD34+ cells from CB and mPB. Clin Transl Med. 2023 Jan;13(1):e1175. doi: 10.1002/ctm2.1175. PMID: 36683248; PMCID: PMC9868212.",https://pmc.ncbi.nlm.nih.gov/articles/PMC9868212/,
Megakaryocyte-Erythrocyte Progenitor (MEP),Megakaryocyte-Erythrocyte Progenitor 2 (MEP-2),BLVRB,,,,"Dong G, Xu X, Li Y, Ouyang W, Zhao W, Gu Y, Li J, Liu T, Zeng X, Zou H, Wang S, Chen Y, Liu S, Sun HX, Liu C. Stemness-related genes revealed by single-cell profiling of naïve and stimulated human CD34+ cells from CB and mPB. Clin Transl Med. 2023 Jan;13(1):e1175. doi: 10.1002/ctm2.1175. PMID: 36683248; PMCID: PMC9868212.",https://pmc.ncbi.nlm.nih.gov/articles/PMC9868212/,
Megakaryocyte-Erythrocyte Progenitor (MEP),Megakaryocyte-Erythrocyte Progenitor 3 (MEP-3),"PCNA, GATA2, FCER1A",,,,"Dong G, Xu X, Li Y, Ouyang W, Zhao W, Gu Y, Li J, Liu T, Zeng X, Zou H, Wang S, Chen Y, Liu S, Sun HX, Liu C. Stemness-related genes revealed by single-cell profiling of naïve and stimulated human CD34+ cells from CB and mPB. Clin Transl Med. 2023 Jan;13(1):e1175. doi: 10.1002/ctm2.1175. PMID: 36683248; PMCID: PMC9868212.",https://pmc.ncbi.nlm.nih.gov/articles/PMC9868212/,
B Cell,Pro-B cell (ProB),"IGKC, MS4A1, IGHM, CD79A",,,,"Dong G, Xu X, Li Y, Ouyang W, Zhao W, Gu Y, Li J, Liu T, Zeng X, Zou H, Wang S, Chen Y, Liu S, Sun HX, Liu C. Stemness-related genes revealed by single-cell profiling of naïve and stimulated human CD34+ cells from CB and mPB. Clin Transl Med. 2023 Jan;13(1):e1175. doi: 10.1002/ctm2.1175. PMID: 36683248; PMCID: PMC9868212.",https://pmc.ncbi.nlm.nih.gov/articles/PMC9868212/,
Erythroid,Early Erythroid 1,"TPM1, COL1A2, MAP3K1, NREP, CRABP2, ITGAV, ENG, SPRY1, HMGA2, IGDCC3, ID1, PLEKHA5, FIRRE, MXRA8, MDK, ATP2B1, CALD1, SOX4, ID3, TET1",,,,"Khan AO, Rodriguez-Romera A, Reyat JS, Olijnik AA, Colombo M, Wang G, Wen WX, Sousos N, Murphy LC, Grygielska B, Perrella G, Mahony CB, Ling RE, Elliott NE, Karali CS, Stone AP, Kemble S, Cutler EA, Fielding AK, Croft AP, Bassett D, Poologasundarampillai G, Roy A, Gooding S, Rayes J, Machlus KR, Psaila B. Human Bone Marrow Organoids for Disease Modeling, Discovery, and Validation of Therapeutic Targets in Hematologic Malignancies. Cancer Discov. 2023 Feb 6;13(2):364-385. doi: 10.1158/2159-8290.CD-22-0199. PMID: 36351055; PMCID: PMC9900323.",https://pmc.ncbi.nlm.nih.gov/articles/PMC9900323/#sec23,
Erythroid,Early Erythroid 2,"FLT1, GJA1, CEMIP2, HAPLN1, RNASE1, ICAM2, PKIG, CA2, CTTN, TUBB6, HDAC7, EPCAM",,,,"Khan AO, Rodriguez-Romera A, Reyat JS, Olijnik AA, Colombo M, Wang G, Wen WX, Sousos N, Murphy LC, Grygielska B, Perrella G, Mahony CB, Ling RE, Elliott NE, Karali CS, Stone AP, Kemble S, Cutler EA, Fielding AK, Croft AP, Bassett D, Poologasundarampillai G, Roy A, Gooding S, Rayes J, Machlus KR, Psaila B. Human Bone Marrow Organoids for Disease Modeling, Discovery, and Validation of Therapeutic Targets in Hematologic Malignancies. Cancer Discov. 2023 Feb 6;13(2):364-385. doi: 10.1158/2159-8290.CD-22-0199. PMID: 36351055; PMCID: PMC9900323.",https://pmc.ncbi.nlm.nih.gov/articles/PMC9900323/#sec23,
Erythroid,Late Erythroid 1,"FAM83A, HBA2, HBM, SOD3, HBZ, C17orf99, ESPN, HEMGN, CA1, SLC4A1, SMIM5, HBE1, HMBS, AC073349.1, HBA1, ALAS2, COL1A1, ATF5, AC130456.3, CITED4",,,,"Khan AO, Rodriguez-Romera A, Reyat JS, Olijnik AA, Colombo M, Wang G, Wen WX, Sousos N, Murphy LC, Grygielska B, Perrella G, Mahony CB, Ling RE, Elliott NE, Karali CS, Stone AP, Kemble S, Cutler EA, Fielding AK, Croft AP, Bassett D, Poologasundarampillai G, Roy A, Gooding S, Rayes J, Machlus KR, Psaila B. Human Bone Marrow Organoids for Disease Modeling, Discovery, and Validation of Therapeutic Targets in Hematologic Malignancies. Cancer Discov. 2023 Feb 6;13(2):364-385. doi: 10.1158/2159-8290.CD-22-0199. PMID: 36351055; PMCID: PMC9900323.",https://pmc.ncbi.nlm.nih.gov/articles/PMC9900323/#sec23,
,HSPC,"ROBO2, DHRS9, WNT5B, HBD, CYTL1, TRIM6, DOK4, NOSTRIN, IGDCC3, CMBL, MYB, ALDH1A1, GAD1, CD24, MDK, AC068587.4, C1orf21, FBN1, BAMBI, CTNNBL1",,,,"Khan AO, Rodriguez-Romera A, Reyat JS, Olijnik AA, Colombo M, Wang G, Wen WX, Sousos N, Murphy LC, Grygielska B, Perrella G, Mahony CB, Ling RE, Elliott NE, Karali CS, Stone AP, Kemble S, Cutler EA, Fielding AK, Croft AP, Bassett D, Poologasundarampillai G, Roy A, Gooding S, Rayes J, Machlus KR, Psaila B. Human Bone Marrow Organoids for Disease Modeling, Discovery, and Validation of Therapeutic Targets in Hematologic Malignancies. Cancer Discov. 2023 Feb 6;13(2):364-385. doi: 10.1158/2159-8290.CD-22-0199. PMID: 36351055; PMCID: PMC9900323.",https://pmc.ncbi.nlm.nih.gov/articles/PMC9900323/#sec23,
,Megakaryocyte 1,"SELP, CLEC1B, HPSE, TMEM40, PPBP, PDZK1IP1, TREML1, GP6, LGALS1, ABCC3, PF4, GP1BB, CMTM5, ITGB3, GP1BA, PF4V1, C1orf116, ADRA2A, GP9, MMRN1",,,,"Khan AO, Rodriguez-Romera A, Reyat JS, Olijnik AA, Colombo M, Wang G, Wen WX, Sousos N, Murphy LC, Grygielska B, Perrella G, Mahony CB, Ling RE, Elliott NE, Karali CS, Stone AP, Kemble S, Cutler EA, Fielding AK, Croft AP, Bassett D, Poologasundarampillai G, Roy A, Gooding S, Rayes J, Machlus KR, Psaila B. Human Bone Marrow Organoids for Disease Modeling, Discovery, and Validation of Therapeutic Targets in Hematologic Malignancies. Cancer Discov. 2023 Feb 6;13(2):364-385. doi: 10.1158/2159-8290.CD-22-0199. PMID: 36351055; PMCID: PMC9900323.",https://pmc.ncbi.nlm.nih.gov/articles/PMC9900323/#sec23,
,Late Erythroid 2,"MT2A, SLC25A37, AC003102.1, AL359504.2, AC092490.1, FOXH1, SLC2A1, CLN8, AC130456.3, XK, CREBRF, MSMO1, GDF15, ATP1B2, SLC4A1, PKLR, HIST1H2AC, CA1, ZNF273, ADAM8",,,,"Khan AO, Rodriguez-Romera A, Reyat JS, Olijnik AA, Colombo M, Wang G, Wen WX, Sousos N, Murphy LC, Grygielska B, Perrella G, Mahony CB, Ling RE, Elliott NE, Karali CS, Stone AP, Kemble S, Cutler EA, Fielding AK, Croft AP, Bassett D, Poologasundarampillai G, Roy A, Gooding S, Rayes J, Machlus KR, Psaila B. Human Bone Marrow Organoids for Disease Modeling, Discovery, and Validation of Therapeutic Targets in Hematologic Malignancies. Cancer Discov. 2023 Feb 6;13(2):364-385. doi: 10.1158/2159-8290.CD-22-0199. PMID: 36351055; PMCID: PMC9900323.",https://pmc.ncbi.nlm.nih.gov/articles/PMC9900323/#sec23,
,Mid Erythroid,"PIF1, NEK2, FAM72D, KIF20A, AURKA, HJURP, CENPA, CDCA2, PLK1, DEPDC1, CDCA8, KIF2C, KIF18B, KIF23, TOP2A, CDC20, KIF14, ARHGEF39, MXD3, GTSE1",,,,"Khan AO, Rodriguez-Romera A, Reyat JS, Olijnik AA, Colombo M, Wang G, Wen WX, Sousos N, Murphy LC, Grygielska B, Perrella G, Mahony CB, Ling RE, Elliott NE, Karali CS, Stone AP, Kemble S, Cutler EA, Fielding AK, Croft AP, Bassett D, Poologasundarampillai G, Roy A, Gooding S, Rayes J, Machlus KR, Psaila B. Human Bone Marrow Organoids for Disease Modeling, Discovery, and Validation of Therapeutic Targets in Hematologic Malignancies. Cancer Discov. 2023 Feb 6;13(2):364-385. doi: 10.1158/2159-8290.CD-22-0199. PMID: 36351055; PMCID: PMC9900323.",https://pmc.ncbi.nlm.nih.gov/articles/PMC9900323/#sec23,
,Monocyte/Neutrophil,"CLC, AC244502.1, PRG3, TRDC, EPX, MS4A3, CEBPE, OSM, CR1, PRG2, IL5RA, HSH2D, RAB44, ADGRG3, PRSS57, HVCN1, TRGC2, TRGC1, SRGN, CEBPA",,,,"Khan AO, Rodriguez-Romera A, Reyat JS, Olijnik AA, Colombo M, Wang G, Wen WX, Sousos N, Murphy LC, Grygielska B, Perrella G, Mahony CB, Ling RE, Elliott NE, Karali CS, Stone AP, Kemble S, Cutler EA, Fielding AK, Croft AP, Bassett D, Poologasundarampillai G, Roy A, Gooding S, Rayes J, Machlus KR, Psaila B. Human Bone Marrow Organoids for Disease Modeling, Discovery, and Validation of Therapeutic Targets in Hematologic Malignancies. Cancer Discov. 2023 Feb 6;13(2):364-385. doi: 10.1158/2159-8290.CD-22-0199. PMID: 36351055; PMCID: PMC9900323.",https://pmc.ncbi.nlm.nih.gov/articles/PMC9900323/#sec23,
,Eo/Baso/Mast Prog.,"KRT1, TPSB2, AL157895.1, KRT77, HPGD, HPGDS, FST, ADCYAP1, SLC18A2, AL078590.2, RHEX, TNFSF10, IL1RL1, OTULINL, KIT, CYTIP, CPA3, P2RY14, BATF, LIF",,,,"Khan AO, Rodriguez-Romera A, Reyat JS, Olijnik AA, Colombo M, Wang G, Wen WX, Sousos N, Murphy LC, Grygielska B, Perrella G, Mahony CB, Ling RE, Elliott NE, Karali CS, Stone AP, Kemble S, Cutler EA, Fielding AK, Croft AP, Bassett D, Poologasundarampillai G, Roy A, Gooding S, Rayes J, Machlus KR, Psaila B. Human Bone Marrow Organoids for Disease Modeling, Discovery, and Validation of Therapeutic Targets in Hematologic Malignancies. Cancer Discov. 2023 Feb 6;13(2):364-385. doi: 10.1158/2159-8290.CD-22-0199. PMID: 36351055; PMCID: PMC9900323.",https://pmc.ncbi.nlm.nih.gov/articles/PMC9900323/#sec23,
,Monocyte,"IL1RN, MCEMP1, S100A9, CLEC5A, FPR2, S100A12, C1QC, GPR84, S100A8, HLA-DRA, FPR1, FCN1, RETN, MNDA, MS4A7, CD86, C1QA, CLEC7A, CD14, S100B",,,,"Khan AO, Rodriguez-Romera A, Reyat JS, Olijnik AA, Colombo M, Wang G, Wen WX, Sousos N, Murphy LC, Grygielska B, Perrella G, Mahony CB, Ling RE, Elliott NE, Karali CS, Stone AP, Kemble S, Cutler EA, Fielding AK, Croft AP, Bassett D, Poologasundarampillai G, Roy A, Gooding S, Rayes J, Machlus KR, Psaila B. Human Bone Marrow Organoids for Disease Modeling, Discovery, and Validation of Therapeutic Targets in Hematologic Malignancies. Cancer Discov. 2023 Feb 6;13(2):364-385. doi: 10.1158/2159-8290.CD-22-0199. PMID: 36351055; PMCID: PMC9900323.",https://pmc.ncbi.nlm.nih.gov/articles/PMC9900323/#sec23,
,Megakaryocyte 2,"NTS, LRRC75A, SIGLEC6, C1orf56, UBASH3B, APOC2, TAFA2, THBS1, ITPR2, ANGPT1, STXBP5, SLC40A1, ABHD2, ITGB3, PIK3CB, TET2, CDC42SE1, CELF2, PMP22, MYB",,,,"Khan AO, Rodriguez-Romera A, Reyat JS, Olijnik AA, Colombo M, Wang G, Wen WX, Sousos N, Murphy LC, Grygielska B, Perrella G, Mahony CB, Ling RE, Elliott NE, Karali CS, Stone AP, Kemble S, Cutler EA, Fielding AK, Croft AP, Bassett D, Poologasundarampillai G, Roy A, Gooding S, Rayes J, Machlus KR, Psaila B. Human Bone Marrow Organoids for Disease Modeling, Discovery, and Validation of Therapeutic Targets in Hematologic Malignancies. Cancer Discov. 2023 Feb 6;13(2):364-385. doi: 10.1158/2159-8290.CD-22-0199. PMID: 36351055; PMCID: PMC9900323.",https://pmc.ncbi.nlm.nih.gov/articles/PMC9900323/#sec23,
,Fibroblast 1,"TMEM229A, DLX1, PALMD, LRRNB3, DLX2, CPE, GNG8, TWIST1, SLCO3A1, BGN, TFAP2A, MEIS2, GLI3, TGFB2, LPL, EDNRA, FREM2, DDR2, SFRP2, ADAM12, SPHK1, PRRX2, CPED1, NR2F1, MSX2",,,,"Khan AO, Rodriguez-Romera A, Reyat JS, Olijnik AA, Colombo M, Wang G, Wen WX, Sousos N, Murphy LC, Grygielska B, Perrella G, Mahony CB, Ling RE, Elliott NE, Karali CS, Stone AP, Kemble S, Cutler EA, Fielding AK, Croft AP, Bassett D, Poologasundarampillai G, Roy A, Gooding S, Rayes J, Machlus KR, Psaila B. Human Bone Marrow Organoids for Disease Modeling, Discovery, and Validation of Therapeutic Targets in Hematologic Malignancies. Cancer Discov. 2023 Feb 6;13(2):364-385. doi: 10.1158/2159-8290.CD-22-0199. PMID: 36351055; PMCID: PMC9900323.",https://pmc.ncbi.nlm.nih.gov/articles/PMC9900323/#sec23,
,Endothelial,"ESM1, MYCT1, CLDN5, DIPK2B, FCN3, ADGRF5, CD93, CD34, ARHGEF15, GPR4, DLL4, GIMAP4, CLEC14A, CDH5, PTPRB, TM4SF18, BCL6B, STAB1, GJA4, ESAM, FLT4, CPM, SOX17, ROBO4, ECSCR",,,,"Khan AO, Rodriguez-Romera A, Reyat JS, Olijnik AA, Colombo M, Wang G, Wen WX, Sousos N, Murphy LC, Grygielska B, Perrella G, Mahony CB, Ling RE, Elliott NE, Karali CS, Stone AP, Kemble S, Cutler EA, Fielding AK, Croft AP, Bassett D, Poologasundarampillai G, Roy A, Gooding S, Rayes J, Machlus KR, Psaila B. Human Bone Marrow Organoids for Disease Modeling, Discovery, and Validation of Therapeutic Targets in Hematologic Malignancies. Cancer Discov. 2023 Feb 6;13(2):364-385. doi: 10.1158/2159-8290.CD-22-0199. PMID: 36351055; PMCID: PMC9900323.",https://pmc.ncbi.nlm.nih.gov/articles/PMC9900323/#sec23,
,MSC 1,"TFPI2, PAPPA, SOD3, PDLIM3, STMN2, LOX, CCDC68, ITGA11, GLIPR1, FOXD1, SYT1, COLEC11, PITX2, DLK1, GBP2, LUM, RCN3, SULF1, PLAT, MASP1, KLF9, CCDC102B, SRPX2, IGF2, TENT5A",,,,"Khan AO, Rodriguez-Romera A, Reyat JS, Olijnik AA, Colombo M, Wang G, Wen WX, Sousos N, Murphy LC, Grygielska B, Perrella G, Mahony CB, Ling RE, Elliott NE, Karali CS, Stone AP, Kemble S, Cutler EA, Fielding AK, Croft AP, Bassett D, Poologasundarampillai G, Roy A, Gooding S, Rayes J, Machlus KR, Psaila B. Human Bone Marrow Organoids for Disease Modeling, Discovery, and Validation of Therapeutic Targets in Hematologic Malignancies. Cancer Discov. 2023 Feb 6;13(2):364-385. doi: 10.1158/2159-8290.CD-22-0199. PMID: 36351055; PMCID: PMC9900323.",https://pmc.ncbi.nlm.nih.gov/articles/PMC9900323/#sec23,
,MSC 2,"HOXC8, CDX2, HOXC6, ROBO2, HOXA10, NR0B1, HOXC9, AC103702.2, HOXD11, CHRM2, HOXB-AS3, HOXA9, SCUBE3, HAND1, FREM1, ECM1, IGSF1, PRRX1, BHMT, SHROOM3, HOXB3, NPW, RSPO3, TMOD1, APCDD1",,,,"Khan AO, Rodriguez-Romera A, Reyat JS, Olijnik AA, Colombo M, Wang G, Wen WX, Sousos N, Murphy LC, Grygielska B, Perrella G, Mahony CB, Ling RE, Elliott NE, Karali CS, Stone AP, Kemble S, Cutler EA, Fielding AK, Croft AP, Bassett D, Poologasundarampillai G, Roy A, Gooding S, Rayes J, Machlus KR, Psaila B. Human Bone Marrow Organoids for Disease Modeling, Discovery, and Validation of Therapeutic Targets in Hematologic Malignancies. Cancer Discov. 2023 Feb 6;13(2):364-385. doi: 10.1158/2159-8290.CD-22-0199. PMID: 36351055; PMCID: PMC9900323.",https://pmc.ncbi.nlm.nih.gov/articles/PMC9900323/#sec23,
,Fibroblast 2,"SST, SELL, PAX8, ALKAL2, S100A1, TNR, RASL10A, LINC02387, RMST, WFDC2, PMEL, COL2A1, CTNNA2, CRYM, COL9A3, IGFBP6, PCAT14, SDK2, PLP1, GPX3, CNTNAP2, CXADR, SH3YL1, ITGA6, SALL1",,,,"Khan AO, Rodriguez-Romera A, Reyat JS, Olijnik AA, Colombo M, Wang G, Wen WX, Sousos N, Murphy LC, Grygielska B, Perrella G, Mahony CB, Ling RE, Elliott NE, Karali CS, Stone AP, Kemble S, Cutler EA, Fielding AK, Croft AP, Bassett D, Poologasundarampillai G, Roy A, Gooding S, Rayes J, Machlus KR, Psaila B. Human Bone Marrow Organoids for Disease Modeling, Discovery, and Validation of Therapeutic Targets in Hematologic Malignancies. Cancer Discov. 2023 Feb 6;13(2):364-385. doi: 10.1158/2159-8290.CD-22-0199. PMID: 36351055; PMCID: PMC9900323.",https://pmc.ncbi.nlm.nih.gov/articles/PMC9900323/#sec23,
,Fibroblast 3,"PIF1, PIMREG, KIF20A, ASPM, CDC25C, UBE2C, BUB1B, IQGAP3, PLK1, KIF2C, TOP2A, KIFC1, CDCA8, MXD3, CENPA, SGO2, GTSE1, NDC80, MKI67, DLGAP5, CENPE, NUF2, KIF4A, CDCA2, AURKB",,,,"Khan AO, Rodriguez-Romera A, Reyat JS, Olijnik AA, Colombo M, Wang G, Wen WX, Sousos N, Murphy LC, Grygielska B, Perrella G, Mahony CB, Ling RE, Elliott NE, Karali CS, Stone AP, Kemble S, Cutler EA, Fielding AK, Croft AP, Bassett D, Poologasundarampillai G, Roy A, Gooding S, Rayes J, Machlus KR, Psaila B. Human Bone Marrow Organoids for Disease Modeling, Discovery, and Validation of Therapeutic Targets in Hematologic Malignancies. Cancer Discov. 2023 Feb 6;13(2):364-385. doi: 10.1158/2159-8290.CD-22-0199. PMID: 36351055; PMCID: PMC9900323.",https://pmc.ncbi.nlm.nih.gov/articles/PMC9900323/#sec23,
,Mesenchymal,"COL1A1, PDGFRB, PDGFRA",,,,"Frenz-Wiessner S, Fairley SD, Buser M, Goek I, Salewskij K, Jonsson G, Illig D, Zu Putlitz B, Petersheim D, Li Y, Chen PH, Kalauz M, Conca R, Sterr M, Geuder J, Mizoguchi Y, Megens RTA, Linder MI, Kotlarz D, Rudelius M, Penninger JM, Marr C, Klein C. Generation of complex bone marrow organoids from human induced pluripotent stem cells. Nat Methods. 2024 May;21(5):868-881. doi: 10.1038/s41592-024-02172-2. Epub 2024 Feb 19. PMID: 38374263; PMCID: PMC11093744.",https://pmc.ncbi.nlm.nih.gov/articles/PMC11093744/,
,Neutrophil,"S100A8, NCF1, ITGAM",,,,"Frenz-Wiessner S, Fairley SD, Buser M, Goek I, Salewskij K, Jonsson G, Illig D, Zu Putlitz B, Petersheim D, Li Y, Chen PH, Kalauz M, Conca R, Sterr M, Geuder J, Mizoguchi Y, Megens RTA, Linder MI, Kotlarz D, Rudelius M, Penninger JM, Marr C, Klein C. Generation of complex bone marrow organoids from human induced pluripotent stem cells. Nat Methods. 2024 May;21(5):868-881. doi: 10.1038/s41592-024-02172-2. Epub 2024 Feb 19. PMID: 38374263; PMCID: PMC11093744.",https://pmc.ncbi.nlm.nih.gov/articles/PMC11093744/,
,GMP,"PRSS57, CALR, AZU1, PRTN3, MPO",,,,"Frenz-Wiessner S, Fairley SD, Buser M, Goek I, Salewskij K, Jonsson G, Illig D, Zu Putlitz B, Petersheim D, Li Y, Chen PH, Kalauz M, Conca R, Sterr M, Geuder J, Mizoguchi Y, Megens RTA, Linder MI, Kotlarz D, Rudelius M, Penninger JM, Marr C, Klein C. Generation of complex bone marrow organoids from human induced pluripotent stem cells. Nat Methods. 2024 May;21(5):868-881. doi: 10.1038/s41592-024-02172-2. Epub 2024 Feb 19. PMID: 38374263; PMCID: PMC11093744.",https://pmc.ncbi.nlm.nih.gov/articles/PMC11093744/,
,Eo/baso,"GATA2, CLC, HDC",,,,"Frenz-Wiessner S, Fairley SD, Buser M, Goek I, Salewskij K, Jonsson G, Illig D, Zu Putlitz B, Petersheim D, Li Y, Chen PH, Kalauz M, Conca R, Sterr M, Geuder J, Mizoguchi Y, Megens RTA, Linder MI, Kotlarz D, Rudelius M, Penninger JM, Marr C, Klein C. Generation of complex bone marrow organoids from human induced pluripotent stem cells. Nat Methods. 2024 May;21(5):868-881. doi: 10.1038/s41592-024-02172-2. Epub 2024 Feb 19. PMID: 38374263; PMCID: PMC11093744.",https://pmc.ncbi.nlm.nih.gov/articles/PMC11093744/,
,MEP,"GATA1, KLF1, ITGA2B",,,,"Frenz-Wiessner S, Fairley SD, Buser M, Goek I, Salewskij K, Jonsson G, Illig D, Zu Putlitz B, Petersheim D, Li Y, Chen PH, Kalauz M, Conca R, Sterr M, Geuder J, Mizoguchi Y, Megens RTA, Linder MI, Kotlarz D, Rudelius M, Penninger JM, Marr C, Klein C. Generation of complex bone marrow organoids from human induced pluripotent stem cells. Nat Methods. 2024 May;21(5):868-881. doi: 10.1038/s41592-024-02172-2. Epub 2024 Feb 19. PMID: 38374263; PMCID: PMC11093744.",https://pmc.ncbi.nlm.nih.gov/articles/PMC11093744/,
,MK,"CMTM5, PPBP, PF4, TREML1",,,,"Frenz-Wiessner S, Fairley SD, Buser M, Goek I, Salewskij K, Jonsson G, Illig D, Zu Putlitz B, Petersheim D, Li Y, Chen PH, Kalauz M, Conca R, Sterr M, Geuder J, Mizoguchi Y, Megens RTA, Linder MI, Kotlarz D, Rudelius M, Penninger JM, Marr C, Klein C. Generation of complex bone marrow organoids from human induced pluripotent stem cells. Nat Methods. 2024 May;21(5):868-881. doi: 10.1038/s41592-024-02172-2. Epub 2024 Feb 19. PMID: 38374263; PMCID: PMC11093744.",https://pmc.ncbi.nlm.nih.gov/articles/PMC11093744/,
,Neutr. prog.,"CSTA, CEBPE, CD24",,,,"Frenz-Wiessner S, Fairley SD, Buser M, Goek I, Salewskij K, Jonsson G, Illig D, Zu Putlitz B, Petersheim D, Li Y, Chen PH, Kalauz M, Conca R, Sterr M, Geuder J, Mizoguchi Y, Megens RTA, Linder MI, Kotlarz D, Rudelius M, Penninger JM, Marr C, Klein C. Generation of complex bone marrow organoids from human induced pluripotent stem cells. Nat Methods. 2024 May;21(5):868-881. doi: 10.1038/s41592-024-02172-2. Epub 2024 Feb 19. PMID: 38374263; PMCID: PMC11093744.",https://pmc.ncbi.nlm.nih.gov/articles/PMC11093744/,
,Monocyte,"FCN1, VCAN, CD300E",,,,"Frenz-Wiessner S, Fairley SD, Buser M, Goek I, Salewskij K, Jonsson G, Illig D, Zu Putlitz B, Petersheim D, Li Y, Chen PH, Kalauz M, Conca R, Sterr M, Geuder J, Mizoguchi Y, Megens RTA, Linder MI, Kotlarz D, Rudelius M, Penninger JM, Marr C, Klein C. Generation of complex bone marrow organoids from human induced pluripotent stem cells. Nat Methods. 2024 May;21(5):868-881. doi: 10.1038/s41592-024-02172-2. Epub 2024 Feb 19. PMID: 38374263; PMCID: PMC11093744.",https://pmc.ncbi.nlm.nih.gov/articles/PMC11093744/,
,HSC/MPP,"CD34, SPINK2, MLLT3, HLF",,,,"Frenz-Wiessner S, Fairley SD, Buser M, Goek I, Salewskij K, Jonsson G, Illig D, Zu Putlitz B, Petersheim D, Li Y, Chen PH, Kalauz M, Conca R, Sterr M, Geuder J, Mizoguchi Y, Megens RTA, Linder MI, Kotlarz D, Rudelius M, Penninger JM, Marr C, Klein C. Generation of complex bone marrow organoids from human induced pluripotent stem cells. Nat Methods. 2024 May;21(5):868-881. doi: 10.1038/s41592-024-02172-2. Epub 2024 Feb 19. PMID: 38374263; PMCID: PMC11093744.",https://pmc.ncbi.nlm.nih.gov/articles/PMC11093744/,
,LMPP,"BCL11A, IL7R, IL2RG",,,,"Frenz-Wiessner S, Fairley SD, Buser M, Goek I, Salewskij K, Jonsson G, Illig D, Zu Putlitz B, Petersheim D, Li Y, Chen PH, Kalauz M, Conca R, Sterr M, Geuder J, Mizoguchi Y, Megens RTA, Linder MI, Kotlarz D, Rudelius M, Penninger JM, Marr C, Klein C. Generation of complex bone marrow organoids from human induced pluripotent stem cells. Nat Methods. 2024 May;21(5):868-881. doi: 10.1038/s41592-024-02172-2. Epub 2024 Feb 19. PMID: 38374263; PMCID: PMC11093744.",https://pmc.ncbi.nlm.nih.gov/articles/PMC11093744/,
,Mono. prog.,"LYZ, KLF4",,,,"Frenz-Wiessner S, Fairley SD, Buser M, Goek I, Salewskij K, Jonsson G, Illig D, Zu Putlitz B, Petersheim D, Li Y, Chen PH, Kalauz M, Conca R, Sterr M, Geuder J, Mizoguchi Y, Megens RTA, Linder MI, Kotlarz D, Rudelius M, Penninger JM, Marr C, Klein C. Generation of complex bone marrow organoids from human induced pluripotent stem cells. Nat Methods. 2024 May;21(5):868-881. doi: 10.1038/s41592-024-02172-2. Epub 2024 Feb 19. PMID: 38374263; PMCID: PMC11093744.",https://pmc.ncbi.nlm.nih.gov/articles/PMC11093744/,
,ELP,"FLT3, LTB, MKI67",,,,"Frenz-Wiessner S, Fairley SD, Buser M, Goek I, Salewskij K, Jonsson G, Illig D, Zu Putlitz B, Petersheim D, Li Y, Chen PH, Kalauz M, Conca R, Sterr M, Geuder J, Mizoguchi Y, Megens RTA, Linder MI, Kotlarz D, Rudelius M, Penninger JM, Marr C, Klein C. Generation of complex bone marrow organoids from human induced pluripotent stem cells. Nat Methods. 2024 May;21(5):868-881. doi: 10.1038/s41592-024-02172-2. Epub 2024 Feb 19. PMID: 38374263; PMCID: PMC11093744.",https://pmc.ncbi.nlm.nih.gov/articles/PMC11093744/,
,Epithelial,"EPCAM, KRT8, CDH1",,,,"Frenz-Wiessner S, Fairley SD, Buser M, Goek I, Salewskij K, Jonsson G, Illig D, Zu Putlitz B, Petersheim D, Li Y, Chen PH, Kalauz M, Conca R, Sterr M, Geuder J, Mizoguchi Y, Megens RTA, Linder MI, Kotlarz D, Rudelius M, Penninger JM, Marr C, Klein C. Generation of complex bone marrow organoids from human induced pluripotent stem cells. Nat Methods. 2024 May;21(5):868-881. doi: 10.1038/s41592-024-02172-2. Epub 2024 Feb 19. PMID: 38374263; PMCID: PMC11093744.",https://pmc.ncbi.nlm.nih.gov/articles/PMC11093744/,
,Mon. mac.,"HLA-DRA, CD14, SPP1",,,,"Frenz-Wiessner S, Fairley SD, Buser M, Goek I, Salewskij K, Jonsson G, Illig D, Zu Putlitz B, Petersheim D, Li Y, Chen PH, Kalauz M, Conca R, Sterr M, Geuder J, Mizoguchi Y, Megens RTA, Linder MI, Kotlarz D, Rudelius M, Penninger JM, Marr C, Klein C. Generation of complex bone marrow organoids from human induced pluripotent stem cells. Nat Methods. 2024 May;21(5):868-881. doi: 10.1038/s41592-024-02172-2. Epub 2024 Feb 19. PMID: 38374263; PMCID: PMC11093744.",https://pmc.ncbi.nlm.nih.gov/articles/PMC11093744/,
,DC,"IRF8, CLEC9A, CD1C",,,,"Frenz-Wiessner S, Fairley SD, Buser M, Goek I, Salewskij K, Jonsson G, Illig D, Zu Putlitz B, Petersheim D, Li Y, Chen PH, Kalauz M, Conca R, Sterr M, Geuder J, Mizoguchi Y, Megens RTA, Linder MI, Kotlarz D, Rudelius M, Penninger JM, Marr C, Klein C. Generation of complex bone marrow organoids from human induced pluripotent stem cells. Nat Methods. 2024 May;21(5):868-881. doi: 10.1038/s41592-024-02172-2. Epub 2024 Feb 19. PMID: 38374263; PMCID: PMC11093744.",https://pmc.ncbi.nlm.nih.gov/articles/PMC11093744/,
,Mast,"KIT, TPSAB1, HPGDS",,,,"Frenz-Wiessner S, Fairley SD, Buser M, Goek I, Salewskij K, Jonsson G, Illig D, Zu Putlitz B, Petersheim D, Li Y, Chen PH, Kalauz M, Conca R, Sterr M, Geuder J, Mizoguchi Y, Megens RTA, Linder MI, Kotlarz D, Rudelius M, Penninger JM, Marr C, Klein C. Generation of complex bone marrow organoids from human induced pluripotent stem cells. Nat Methods. 2024 May;21(5):868-881. doi: 10.1038/s41592-024-02172-2. Epub 2024 Feb 19. PMID: 38374263; PMCID: PMC11093744.",https://pmc.ncbi.nlm.nih.gov/articles/PMC11093744/,
,PS,"POU5F1, L1TD1, TBXT",,,,"Frenz-Wiessner S, Fairley SD, Buser M, Goek I, Salewskij K, Jonsson G, Illig D, Zu Putlitz B, Petersheim D, Li Y, Chen PH, Kalauz M, Conca R, Sterr M, Geuder J, Mizoguchi Y, Megens RTA, Linder MI, Kotlarz D, Rudelius M, Penninger JM, Marr C, Klein C. Generation of complex bone marrow organoids from human induced pluripotent stem cells. Nat Methods. 2024 May;21(5):868-881. doi: 10.1038/s41592-024-02172-2. Epub 2024 Feb 19. PMID: 38374263; PMCID: PMC11093744.",https://pmc.ncbi.nlm.nih.gov/articles/PMC11093744/,
,Effector B Cell,"FCRL3, TBX21, ITGAX, PDCD1, ZEB2, FCRL5, CD27, MS4A1","CD27, CD11c, CD20",,,Aishwarya Chander,,
,Memory B Cell,"MS4A1, HLA-DRA, PAX5, AIM2, CD19, CD22, CD27","CD19, CD22, CD27",,,Aishwarya Chander,,
,Naive B Cell,"MS4A1, HLA-DRA, PAX5, IGHD, CD44","CD19, CD22",,,Aishwarya Chander,,
,Plasma B Cell,"PRDM1, XBP1, MZB1, FKBP11, DNTT, JCHAIN","IgD, IgH",,,Aishwarya Chander,,
,Precursor B Cell,"VPREB1, VPREB2, MME, CD79B",,,,Aishwarya Chander,,
,Transitional B Cell,"PAX5, MME, IGHM, IGHD, CD19, CD24, CD38, MME","CD19, CD24, CD38, CD10",,,Aishwarya Chander,,
,AXL+SIGLEC6+ Dendritic Cell,"AXL, CD86, SIGLEC6, CLEC4C",,,,Aishwarya Chander,,
,c1 Dendritic Cell,"CLEC9A, XCR1, THBD",CD141,,,Aishwarya Chander,,
,c2 Dendritic Cell,"ITGAX, CLEC10A, FLT3, CD14","CD11c, CD14",,,Aishwarya Chander,,
,Plasmacytoid Dendritic Cell,"TCF4, IRF8, SERPINF1, IL3RA",CD123,,,Aishwarya Chander,,
,CD14+ Monocyte,"S100A9, CCR2, CD14, FGR, ITGAX, CD34, NCAM1, ITGAM, FCGR3A","CD34, CD14, CD56, CD11b, CD16 (low)",,,Aishwarya Chander,,
,CD16+ Monocyte,"FCGR3A, IRF8, LY86, LST1, CD34, CD14","CD34, CD16, CD14 (dim)",,,Aishwarya Chander,,
,Intermediate Monocyte,"CCR5, FCGR3A, CD14, CD86","CD16 (pos), CD14 (pos), HLA-DR, CD86",,,Aishwarya Chander,,
,CD56 Bright Natural Killer Cell,"TYROBP, KLRB1, KLRF1, IL7R, AREG, SPINK2, NCAM1, ILRB2, CD3D, CD3E, CD3G, B3GAT1, CD16","CD3 (neg), CD56 (high), CD57 (neg), CD16 (LOW OR NEG)",,,Aishwarya Chander,,
,CD56 Intermediate Natural Killer Cell,"TYROBP, KLRB1, KLRK1, NKG7, CST7, ADGRG1, GZMB, CLIC3, CD3D, CD3E, CD3G, B3GAT1, FCGR3A, NCAM1, B3GAT1","CD3 (neg), CD56 (low), CD16 (LOW OR NEG), CD57 (neg)",,,Aishwarya Chander,,
,CD56 Dim Mature Natural Killer Cell,"FCGR3A, PRF1, GZMB, FCGR3A, CX3CR1, FGFBP2, CCL3, CCL4, ITGB2, B3GAT1, NCAM1","CD57 (high), CD56 (low) CD16 (+), CX3CR1 (+)",,,Aishwarya Chander,,
,B Cell Progenitor,"VPREB1, PAX5, MME, IGLL1, CD79B, MKI67, CD19","CD19, CD10",,,Aishwarya Chander,,
,Common Lymphoid Progenitor,"DNTT, VPREB1, MKI67, CD19, MME, CD34, CD38","(CD19), CD10, CD34+, CD38+",,,Aishwarya Chander,,
,Dendritic Cell Progenitor,"RUNX2, IRF8, IL3RA, STI4, MKI67, CD7",CD7,,,Aishwarya Chander,,
,Early Erythroid Progenitor,"HES6, GATA1, MKI67, CD36, TFRC","CD36, CD71",,,Aishwarya Chander,,
,Megakaryocytic-Erythroid Progenitor,"CPA3, GATA2, MEIS1, MKI67, CD38",CD38,,,Aishwarya Chander,,
,Hematopoetic Stem and Progenitor Cells,"HLF, ROBO4, FGD5, MEIS1, MKI67, CD164",CD164,,,Aishwarya Chander,,
,Late Erythroid Progenitor,"GATA1, HBB, MKI67, TFRC",CD71,,,Aishwarya Chander,,
,Lymphoid-primed Multipotent Progenitor,"FLT3, HOXA9, PROM1, SELL, MKI67, CD38",CD38,,,Aishwarya Chander,,
,Megakaryocyte Progenitor,"MEF2C, PBX1, MKI67, CD84",CD84,,,Aishwarya Chander,,
,Common Myeloid Progenitor,"MPO, CEBPA, SPI1, CEBPD, CSF3R, MKI67, CD33, CD38, CD84","CD33, CD38, CD84",,,Aishwarya Chander,,
,CD4+ Memory T Cell,"CD4, KLRB1, CCR6, CD82, CCR7, KLRG1, GKMZ, LTB, CD27, PTPRC, B3GAT1","CD4, CD27, CD45RO, CD45RA, CD57",,,Aishwarya Chander,,
,CD4+ Naive T Cell,"CD4, CCR7, SELL, AIF1, CD27","CD4, CD27",,,Aishwarya Chander,,
,CD8+ Memory T Cell,"CD8A, CCR7, GNLY, ADGRG1, ITGAM, KLRC3, CD27, PTPRC, B3GAT1","CD8, CD27, CD45RO, CD45RA, CD57",,,Aishwarya Chander,,
,CD8+ Naive T Cell,"CD8A, CCR7, SELL, AIF1, CD27","CD8, CD197, CD27",,,Aishwarya Chander,,
,Double Negative T Cell,"LGALS3, CD4, CD8A, NCR1","CD4 (neg), CD8 (neg), CD335",,,Aishwarya Chander,,
,Gamm-Delta T Cell,"KLRB1, TRDC, GZMK, IL32, DUSP2, NKG7, CD3D, CD3E, CD3G, CD8A","CD3, CD8",,,Aishwarya Chander,,
,Mucosal-associated Invariant T Cells,KLRB1,CD161,,,Aishwarya Chander,,
,Proliferating T/Natural Killer Cell,"MKI67, KLRD1, CD3D, CD3E, CD3G",CD3,,,Aishwarya Chander,,
,Regulatory T Cell,"FOXP3, TRAC, IKZF2, IL2RA, FOXP1, ITGAE, RTKN2, CD69, PTPRC, CD27","CD45RO, CD45RA, CD69, CD25, CD27",,,Aishwarya Chander,,
,HSPC,"PDPN, CD34, SPINK2, OXPHOS",,,,"Bandyopadhyay S, Duffy MP, Ahn KJ, Sussman JH, Pang M, Smith D, Duncan G, Zhang I, Huang J, Lin Y, Xiong B, Imtiaz T, Chen CH, Thadi A, Chen C, Xu J, Reichart M, Martinez Z, Diorio C, Chen C, Pillai V, Snaith O, Oldridge D, Bhattacharyya S, Maillard I, Carroll M, Nelson C, Qin L, Tan K. Mapping the cellular biogeography of human bone marrow niches using single-cell transcriptomics and proteomic imaging. Cell. 2024 Jun 6;187(12):3120-3140.e29. doi: 10.1016/j.cell.2024.04.013. Epub 2024 May 6. PMID: 38714197; PMCID: PMC11162340.",https://www.cell.com/cell/fulltext/S0092-8674(24)00408-2?rss=yes&s=09,
,Myeloid,"CD68, VCAM1, HIF1A, CD15, CD141, VECAD, CD14",,,,"Bandyopadhyay S, Duffy MP, Ahn KJ, Sussman JH, Pang M, Smith D, Duncan G, Zhang I, Huang J, Lin Y, Xiong B, Imtiaz T, Chen CH, Thadi A, Chen C, Xu J, Reichart M, Martinez Z, Diorio C, Chen C, Pillai V, Snaith O, Oldridge D, Bhattacharyya S, Maillard I, Carroll M, Nelson C, Qin L, Tan K. Mapping the cellular biogeography of human bone marrow niches using single-cell transcriptomics and proteomic imaging. Cell. 2024 Jun 6;187(12):3120-3140.e29. doi: 10.1016/j.cell.2024.04.013. Epub 2024 May 6. PMID: 38714197; PMCID: PMC11162340.",https://www.cell.com/cell/fulltext/S0092-8674(24)00408-2?rss=yes&s=09,
,Lymphoid,"CD4, CD8, CD79A, PAX5, CD117, CD45, CD3E, CD19, CD45RA, BCL2, GATA1, CXCR4",,,,"Bandyopadhyay S, Duffy MP, Ahn KJ, Sussman JH, Pang M, Smith D, Duncan G, Zhang I, Huang J, Lin Y, Xiong B, Imtiaz T, Chen CH, Thadi A, Chen C, Xu J, Reichart M, Martinez Z, Diorio C, Chen C, Pillai V, Snaith O, Oldridge D, Bhattacharyya S, Maillard I, Carroll M, Nelson C, Qin L, Tan K. Mapping the cellular biogeography of human bone marrow niches using single-cell transcriptomics and proteomic imaging. Cell. 2024 Jun 6;187(12):3120-3140.e29. doi: 10.1016/j.cell.2024.04.013. Epub 2024 May 6. PMID: 38714197; PMCID: PMC11162340.",https://www.cell.com/cell/fulltext/S0092-8674(24)00408-2?rss=yes&s=09,
,Meg/E,"CD49F, TGFB1, CD61, FOXC1, GYPC, CD10, CD44",,,,"Bandyopadhyay S, Duffy MP, Ahn KJ, Sussman JH, Pang M, Smith D, Duncan G, Zhang I, Huang J, Lin Y, Xiong B, Imtiaz T, Chen CH, Thadi A, Chen C, Xu J, Reichart M, Martinez Z, Diorio C, Chen C, Pillai V, Snaith O, Oldridge D, Bhattacharyya S, Maillard I, Carroll M, Nelson C, Qin L, Tan K. Mapping the cellular biogeography of human bone marrow niches using single-cell transcriptomics and proteomic imaging. Cell. 2024 Jun 6;187(12):3120-3140.e29. doi: 10.1016/j.cell.2024.04.013. Epub 2024 May 6. PMID: 38714197; PMCID: PMC11162340.",https://www.cell.com/cell/fulltext/S0092-8674(24)00408-2?rss=yes&s=09,
,Mesenchymal,"CD90, VIM, CXCL12, BCAT, CD271, CD146, ASMA, CD49F",,,,"Bandyopadhyay S, Duffy MP, Ahn KJ, Sussman JH, Pang M, Smith D, Duncan G, Zhang I, Huang J, Lin Y, Xiong B, Imtiaz T, Chen CH, Thadi A, Chen C, Xu J, Reichart M, Martinez Z, Diorio C, Chen C, Pillai V, Snaith O, Oldridge D, Bhattacharyya S, Maillard I, Carroll M, Nelson C, Qin L, Tan K. Mapping the cellular biogeography of human bone marrow niches using single-cell transcriptomics and proteomic imaging. Cell. 2024 Jun 6;187(12):3120-3140.e29. doi: 10.1016/j.cell.2024.04.013. Epub 2024 May 6. PMID: 38714197; PMCID: PMC11162340.",https://www.cell.com/cell/fulltext/S0092-8674(24)00408-2?rss=yes&s=09,